completionAttempts,conference,defensiveTDs,firstDowns,fourthDownEff,fumblesLost,fumblesRecovered,gameId,homeAway,interceptionTDs,interceptionYards,interceptions,kickReturnTDs,kickReturnYards,kickReturns,kickingPoints,netPassingYards,passesDeflected,passesIntercepted,passingTDs,points,possessionTime,puntReturnTDs,puntReturnYards,puntReturns,qbHurries,rushingAttempts,rushingTDs,rushingYards,sacks,tackles,tacklesForLoss,team,teamId,thirdDownEff,totalFumbles,totalPenaltiesYards,totalYards,turnovers,yardsPerPass,yardsPerRushAttempt
16-21,Pioneer,,25.0,2-2,0.0,1.0,401767620,,0.0,0.0,1.0,0.0,10.0,1.0,11.0,278.0,,2.0,3.0,41,35:33,0.0,29.0,3.0,,48.0,2.0,201.0,,,,Drake,,10-16,0.0,5-45,479.0,1.0,13.2,4.2
18-30,Great Lakes,,12.0,0-1,1.0,0.0,401767620,,0.0,0.0,2.0,0.0,108.0,6.0,1.0,201.0,,1.0,1.0,7,24:27,0.0,5.0,2.0,,17.0,0.0,18.0,,,,Upper Iowa University,,4-11,2.0,5-45,219.0,3.0,6.7,1.1
19-29,MVFC,,24.0,1-2,0.0,3.0,401767547,,1.0,41.0,0.0,0.0,73.0,2.0,7.0,238.0,,2.0,3.0,49,26:48,0.0,27.0,1.0,,35.0,3.0,148.0,,,,Southern Illinois,,5-11,1.0,6-60,386.0,0.0,8.2,4.2
18-29,Great Midwest Athletic,,13.0,1-1,3.0,0.0,401767547,,,,2.0,0.0,86.0,4.0,3.0,131.0,,,0.0,3,33:12,0.0,0.0,1.0,,32.0,0.0,60.0,,,,Thomas More College,,2-13,4.0,4-20,191.0,5.0,4.5,1.9
26-27,Southland,,29.0,0-0,1.0,1.0,401767526,,,,0.0,0.0,0.0,1.0,12.0,438.0,,,5.0,66,30:37,0.0,-2.0,1.0,,35.0,4.0,236.0,,,,UT Rio Grande Valley,,7-9,1.0,8-71,674.0,1.0,16.2,6.7
10-14,Lone Star,,6.0,0-1,1.0,1.0,401767526,,,,0.0,0.0,128.0,7.0,,41.0,,,0.0,0,29:23,,,,,31.0,0.0,33.0,,,,Sul Ross State,,2-12,1.0,12-70,74.0,1.0,2.9,1.1
23-31,Pac-12,0.0,13.0,2-2,1.0,2.0,401752947,,,,0.0,0.0,36.0,2.0,7.0,208.0,2.0,,1.0,13,24:49,,,,2.0,22.0,0.0,3.0,0.0,39.0,4.0,Washington State,,3-12,2.0,7-48,211.0,1.0,6.7,0.1
12-20,Big Sky,0.0,16.0,1-1,2.0,1.0,401752947,,,,0.0,0.0,45.0,2.0,4.0,33.0,0.0,,0.0,10,35:11,0.0,0.0,1.0,4.0,45.0,1.0,188.0,1.0,29.0,7.0,Idaho,,7-16,2.0,6-57,221.0,2.0,1.7,4.2
20-31,ACC,0.0,20.0,1-2,0.0,1.0,401754522,,0.0,12.0,0.0,0.0,32.0,1.0,9.0,205.0,3.0,1.0,2.0,27,33:57,0.0,9.0,1.0,1.0,37.0,1.0,127.0,3.0,31.0,5.0,Miami,,5-14,0.0,6-51,332.0,0.0,6.6,3.4
19-30,FBS Independents,0.0,18.0,0-0,1.0,0.0,401754522,,,,1.0,0.0,15.0,1.0,6.0,221.0,3.0,,2.0,24,26:03,0.0,9.0,2.0,1.0,27.0,1.0,94.0,1.0,32.0,2.0,Notre Dame,,4-9,2.0,5-30,315.0,2.0,7.4,3.5
16-21,Pioneer,,17.0,1-2,0.0,,401767634,,,,0.0,0.0,203.0,6.0,8.0,219.0,,,1.0,38,28:48,,,,,30.0,3.0,195.0,,,,Morehead State,,3-8,,8-94,414.0,0.0,10.4,6.5
26-38,SIAC,,31.0,1-2,0.0,0.0,401767634,,,,0.0,0.0,60.0,4.0,7.0,309.0,,,2.0,31,31:12,0.0,-6.0,1.0,,36.0,2.0,107.0,,,,Allen,,4-11,1.0,1-0,416.0,0.0,8.1,3.0
10-17,Big South-OVC,0.0,13.0,0-0,0.0,,401756876,,,,1.0,,,,1.0,109.0,2.0,,1.0,7,28:39,0.0,0.0,1.0,2.0,38.0,0.0,116.0,2.0,45.0,9.0,UT Martin,,6-15,,7-50,225.0,1.0,6.4,3.1
18-30,Big 12,0.0,20.0,1-1,0.0,,401756876,,0.0,1.0,0.0,0.0,41.0,2.0,9.0,232.0,2.0,1.0,1.0,27,31:21,0.0,17.0,3.0,7.0,42.0,2.0,127.0,4.0,34.0,9.0,Oklahoma State,,10-18,,5-55,359.0,0.0,7.7,3.0
24-39,MVFC,0.0,23.0,1-2,1.0,1.0,401756855,,,,0.0,0.0,28.0,1.0,5.0,252.0,5.0,,1.0,35,31:14,0.0,20.0,2.0,3.0,33.0,4.0,102.0,1.0,46.0,3.0,North Dakota,,5-14,2.0,4-30,354.0,1.0,6.5,3.1
28-43,Big 12,0.0,22.0,2-3,1.0,1.0,401756855,,,,0.0,0.0,130.0,5.0,8.0,318.0,4.0,,3.0,38,28:46,0.0,23.0,3.0,6.0,27.0,2.0,146.0,3.0,43.0,10.0,Kansas State,,5-13,2.0,3-36,464.0,1.0,7.4,5.4
14-28,Big 12,0.0,19.0,3-3,2.0,2.0,401756846,,,,0.0,0.0,56.0,2.0,6.0,183.0,4.0,,2.0,24,33:52,,,,2.0,46.0,1.0,130.0,1.0,31.0,7.0,Iowa State,,3-14,2.0,1-5,313.0,2.0,6.5,2.8
21-30,Big 12,0.0,13.0,1-4,2.0,2.0,401756846,,,,0.0,0.0,66.0,3.0,3.0,273.0,6.0,,2.0,21,26:08,0.0,0.0,1.0,3.0,27.0,1.0,110.0,4.0,40.0,6.0,Kansas State,,5-13,2.0,6-48,383.0,2.0,9.1,4.1
11-17,SEC,1.0,25.0,1-1,0.0,0.0,401752667,,,,0.0,1.0,98.0,1.0,8.0,108.0,3.0,,0.0,38,33:18,,,,3.0,52.0,4.0,307.0,4.0,39.0,5.0,Auburn,,5-10,1.0,9-83,415.0,0.0,6.4,5.9
27-48,Big 12,0.0,23.0,3-6,0.0,,401752667,,,,0.0,0.0,53.0,2.0,6.0,419.0,3.0,,3.0,24,26:42,,,,1.0,24.0,0.0,64.0,1.0,41.0,1.0,Baylor,,5-15,,6-55,483.0,0.0,8.7,2.7
15-29,MVFC,0.0,11.0,0-1,0.0,0.0,401756853,,,,2.0,0.0,47.0,3.0,1.0,126.0,0.0,,1.0,7,24:42,,,,0.0,21.0,0.0,82.0,0.0,31.0,2.0,South Dakota,,5-12,1.0,5-36,208.0,2.0,4.3,3.9
23-25,Big 12,0.0,28.0,0-0,0.0,,401756853,,0.0,22.0,0.0,,,,13.0,306.0,3.0,2.0,3.0,55,35:18,0.0,117.0,2.0,4.0,42.0,4.0,223.0,0.0,17.0,4.0,Iowa State,,9-10,,3-30,529.0,0.0,12.2,5.3
17-33,SWAC,0.0,11.0,1-2,0.0,0.0,401756877,,,,1.0,0.0,18.0,1.0,1.0,122.0,0.0,,1.0,7,32:38,,,,1.0,26.0,0.0,53.0,0.0,44.0,2.0,Arkansas-Pine Bluff,,4-15,2.0,4-31,175.0,1.0,3.7,2.0
25-32,Big 12,0.0,33.0,1-1,0.0,0.0,401756877,,0.0,7.0,0.0,0.0,54.0,2.0,13.0,314.0,2.0,1.0,6.0,67,27:22,0.0,5.0,4.0,5.0,28.0,3.0,296.0,3.0,29.0,6.0,Texas Tech,,5-8,2.0,7-60,610.0,0.0,9.8,10.6
13-20,NEC,0.0,6.0,1-1,0.0,1.0,401756854,,0.0,0.0,0.0,,,,1.0,90.0,2.0,1.0,1.0,7,26:45,,,,0.0,28.0,0.0,53.0,0.0,60.0,0.0,Wagner,,2-14,0.0,10-70,143.0,0.0,4.5,1.9
23-34,Big 12,0.0,32.0,1-2,1.0,0.0,401756854,,,,1.0,0.0,34.0,1.0,8.0,346.0,2.0,,4.0,46,33:15,0.0,62.0,9.0,4.0,44.0,2.0,285.0,3.0,32.0,9.0,Kansas,,4-10,1.0,6-55,631.0,2.0,10.2,6.5
18-29,Mountain West,0.0,13.0,1-2,1.0,0.0,401756847,,,,2.0,,,,1.0,179.0,0.0,,0.0,7,26:52,0.0,1.0,2.0,2.0,29.0,1.0,37.0,1.0,38.0,5.0,Fresno State,,7-15,2.0,4-50,216.0,3.0,6.2,1.3
18-20,Big 12,0.0,22.0,2-3,0.0,1.0,401756847,,0.0,0.0,0.0,0.0,14.0,1.0,7.0,176.0,4.0,2.0,3.0,31,33:08,0.0,0.0,1.0,4.0,38.0,1.0,207.0,3.0,35.0,10.0,Kansas,,2-10,1.0,9-72,383.0,0.0,8.8,5.4
13-21,ACC,0.0,10.0,1-1,2.0,0.0,401754523,,0.0,0.0,1.0,0.0,126.0,6.0,2.0,172.0,2.0,1.0,1.0,14,27:51,,,,3.0,28.0,1.0,50.0,0.0,41.0,3.0,North Carolina,,1-10,4.0,3-25,222.0,3.0,8.2,1.8
27-37,Big 12,2.0,29.0,1-1,0.0,2.0,401754523,,1.0,25.0,1.0,,,,12.0,284.0,1.0,1.0,2.0,48,32:09,,,,1.0,35.0,2.0,258.0,2.0,32.0,8.0,TCU,,7-12,0.0,5-58,542.0,1.0,7.7,7.4
7-22,NEC,0.0,8.0,0-0,2.0,3.0,401756878,,,,0.0,0.0,50.0,3.0,3.0,70.0,0.0,,0.0,3,32:30,,,,1.0,37.0,0.0,53.0,1.0,49.0,3.0,Robert Morris,,3-15,2.0,4-24,123.0,2.0,3.2,1.4
18-23,Big 12,0.0,26.0,1-2,4.0,2.0,401756878,,,,0.0,0.0,48.0,2.0,9.0,232.0,2.0,,1.0,45,27:30,0.0,52.0,5.0,4.0,53.0,5.0,393.0,4.0,31.0,8.0,West Virginia,,5-11,5.0,9-69,625.0,4.0,10.1,7.4
15-30,SWAC,,19.0,0-0,0.0,2.0,401767179,,0.0,5.0,0.0,0.0,46.0,2.0,4.0,143.0,,1.0,0.0,28,26:27,0.0,31.0,3.0,,32.0,4.0,283.0,,,,Jackson State,,6-14,1.0,10-89,426.0,0.0,4.8,8.8
21-29,CAA,,20.0,1-3,2.0,0.0,401767179,,,,1.0,0.0,19.0,2.0,2.0,201.0,,,1.0,14,33:33,0.0,2.0,4.0,,41.0,1.0,175.0,,,,Hampton,,5-14,4.0,5-33,376.0,3.0,6.9,4.3
21-37,Patriot,,27.0,2-3,1.0,0.0,401767256,,0.0,9.0,0.0,0.0,93.0,5.0,7.0,365.0,,4.0,3.0,39,32:57,,,,,40.0,2.0,176.0,,,,Colgate,,7-14,1.0,4-40,541.0,1.0,9.9,4.4
34-45,CAA,,32.0,1-2,0.0,1.0,401767256,,,,4.0,0.0,49.0,3.0,4.0,491.0,,,4.0,42,27:03,,,,,28.0,2.0,187.0,,,,Monmouth,,9-14,0.0,3-32,678.0,4.0,10.9,6.7
11-21,FCS Independents,,18.0,1-3,0.0,,401767657,,0.0,7.0,1.0,0.0,66.0,2.0,4.0,119.0,,1.0,0.0,12,32:22,,,,,43.0,1.0,169.0,,,,Sacred Heart,,7-14,,4-40,288.0,1.0,5.7,3.9
30-39,NEC,,16.0,4-5,0.0,,401767657,,0.0,0.0,1.0,0.0,23.0,1.0,1.0,212.0,,1.0,1.0,7,27:38,0.0,15.0,1.0,,24.0,0.0,49.0,,,,Stonehill,,1-12,,7-45,261.0,1.0,5.4,2.0
21-28,SEC,0.0,25.0,0-0,0.0,1.0,401752679,,0.0,0.0,0.0,0.0,29.0,1.0,9.0,280.0,3.0,1.0,3.0,45,32:09,0.0,11.0,1.0,3.0,31.0,3.0,201.0,3.0,28.0,6.0,Vanderbilt,,6-9,1.0,7-60,481.0,0.0,10.0,6.5
10-19,Big South-OVC,0.0,7.0,1-1,1.0,0.0,401752679,,,,1.0,0.0,15.0,1.0,3.0,88.0,1.0,,0.0,3,27:51,,,,2.0,27.0,0.0,47.0,1.0,26.0,2.0,Charleston Southern,,3-13,1.0,5-54,135.0,2.0,4.6,1.7
17-31,Pioneer,,9.0,0-1,1.0,2.0,401767171,,0.0,0.0,0.0,0.0,77.0,3.0,2.0,261.0,,1.0,2.0,14,19:43,0.0,36.0,3.0,,19.0,0.0,31.0,,,,Dayton,,3-13,1.0,2-18,292.0,1.0,8.4,1.6
9-18,Big South-OVC,,25.0,0-1,2.0,1.0,401767171,,,,1.0,,,,6.0,129.0,,,0.0,24,40:17,0.0,19.0,3.0,,62.0,3.0,336.0,,,,Eastern Illinois,,9-17,2.0,5-44,465.0,3.0,7.2,5.4
18-36,Southern,,21.0,1-1,2.0,1.0,401767201,,0.0,61.0,1.0,0.0,96.0,5.0,9.0,233.0,,1.0,3.0,45,24:22,0.0,21.0,2.0,,42.0,3.0,221.0,,,,Western Carolina,,7-18,3.0,8-54,454.0,3.0,6.5,5.3
13-33,Big South-OVC,,25.0,2-4,1.0,2.0,401767201,,0.0,0.0,1.0,0.0,99.0,4.0,10.0,292.0,,1.0,2.0,52,35:38,0.0,23.0,3.0,,57.0,5.0,335.0,,,,Gardner-Webb,,4-16,1.0,8-64,627.0,2.0,8.8,5.9
26-32,Sun Belt,0.0,25.0,1-2,1.0,1.0,401761591,,,,0.0,0.0,30.0,1.0,6.0,345.0,1.0,,3.0,42,30:52,0.0,23.0,2.0,5.0,36.0,3.0,147.0,3.0,32.0,6.0,Arkansas State,,5-11,3.0,7-70,492.0,1.0,10.8,4.1
26-36,Big South-OVC,0.0,20.0,2-3,1.0,1.0,401761591,,,,0.0,0.0,7.0,1.0,6.0,272.0,2.0,,2.0,24,29:08,0.0,2.0,1.0,1.0,33.0,1.0,92.0,0.0,32.0,4.0,Southeast Missouri State,,6-14,1.0,8-71,364.0,1.0,7.6,2.8
16-22,CAA,,15.0,0-0,3.0,0.0,401767223,,0.0,0.0,0.0,0.0,59.0,3.0,3.0,210.0,,1.0,1.0,21,32:55,0.0,30.0,5.0,,41.0,2.0,133.0,,,,North Carolina A&T,,5-15,4.0,8-55,343.0,3.0,9.5,3.2
11-21,Big South-OVC,,11.0,0-0,0.0,3.0,401767223,,,,1.0,0.0,43.0,3.0,6.0,123.0,,,1.0,24,27:05,0.0,22.0,2.0,,28.0,2.0,159.0,,,,Tennessee State,,2-11,1.0,8-68,282.0,1.0,5.9,5.7
7-16,,,9.0,0-1,0.0,0.0,401767230,,,,1.0,0.0,86.0,8.0,,40.0,,,0.0,0,29:46,,,,,39.0,0.0,64.0,,,,Cumberland (TN),,1-15,2.0,5-39,104.0,1.0,2.5,1.6
19-28,Big South-OVC,,24.0,1-3,0.0,0.0,401767230,,0.0,1.0,0.0,0.0,36.0,1.0,11.0,284.0,,1.0,3.0,65,30:14,1.0,118.0,3.0,,30.0,5.0,287.0,,,,Tennessee Tech,,5-8,1.0,7-90,571.0,0.0,10.1,9.6
11-19,Pioneer,,23.0,1-1,0.0,1.0,401767209,,,,0.0,0.0,17.0,2.0,5.0,172.0,,,2.0,35,29:17,,,,,44.0,3.0,275.0,,,,St. Thomas (MN),,7-11,0.0,7-42,447.0,0.0,9.1,6.3
18-30,Big South-OVC,,22.0,0-1,1.0,0.0,401767209,,,,0.0,0.0,44.0,3.0,1.0,318.0,,,1.0,13,30:43,0.0,7.0,3.0,,35.0,1.0,132.0,,,,Lindenwood,,4-12,1.0,4-41,450.0,1.0,10.6,3.8
15-28,CAA,,21.0,1-1,3.0,1.0,401767140,,,,0.0,0.0,17.0,1.0,7.0,275.0,,,2.0,31,28:55,0.0,16.0,2.0,,34.0,2.0,109.0,,,,Rhode Island,,4-11,3.0,9-62,384.0,3.0,9.8,3.2
18-36,CAA,,13.0,1-2,1.0,3.0,401767140,,,,0.0,0.0,88.0,4.0,8.0,148.0,,,1.0,20,31:05,0.0,6.0,2.0,,32.0,1.0,120.0,,,,Campbell,,3-15,1.0,11-98,268.0,1.0,4.1,3.8
17-25,Southern,,31.0,3-3,1.0,0.0,401767454,,0.0,1.0,1.0,0.0,9.0,1.0,9.0,180.0,,2.0,1.0,45,31:09,0.0,9.0,1.0,,58.0,5.0,392.0,,,,East Tennessee State,,6-12,2.0,5-53,572.0,2.0,7.2,6.8
22-35,MVFC,,18.0,2-3,0.0,1.0,401767454,,0.0,16.0,2.0,0.0,51.0,4.0,5.0,226.0,,1.0,1.0,17,28:51,,,,,28.0,1.0,34.0,,,,Murray State,,2-12,1.0,6-35,260.0,2.0,6.5,1.2
24-50,Big Sky,,19.0,1-3,0.0,1.0,401767080,,,,1.0,0.0,78.0,3.0,6.0,338.0,,,1.0,24,22:47,,,,,16.0,1.0,23.0,,,,Idaho State,,4-14,0.0,3-30,361.0,1.0,6.8,1.4
19-25,UAC,,28.0,1-1,1.0,,401767080,,0.0,6.0,0.0,0.0,24.0,2.0,8.0,240.0,,1.0,3.0,46,37:13,,,,,50.0,3.0,323.0,,,,Southern Utah,,8-14,,6-40,563.0,1.0,9.6,6.5
22-34,American Athletic,0.0,25.0,4-4,0.0,,401762457,,0.0,4.0,0.0,,,,9.0,236.0,2.0,1.0,2.0,35,33:05,0.0,9.0,1.0,1.0,43.0,2.0,268.0,5.0,27.0,9.0,Tulsa,,8-19,,10-53,504.0,0.0,6.9,6.2
13-19,UAC,0.0,13.0,1-3,0.0,0.0,401762457,,,,1.0,0.0,74.0,2.0,1.0,140.0,3.0,,0.0,7,26:55,0.0,18.0,2.0,0.0,40.0,1.0,120.0,0.0,33.0,2.0,Abilene Christian,,5-15,1.0,3-25,260.0,1.0,7.4,3.0
16-37,Conference USA,0.0,13.0,1-4,0.0,,401757222,,,,0.0,0.0,35.0,1.0,2.0,109.0,4.0,,2.0,14,21:25,0.0,15.0,3.0,5.0,22.0,0.0,44.0,3.0,34.0,7.0,Middle Tennessee,,0-12,,4-50,153.0,0.0,2.9,2.0
14-27,UAC,0.0,19.0,1-1,0.0,0.0,401757222,,,,0.0,,,,10.0,193.0,7.0,,2.0,34,38:35,0.0,62.0,2.0,4.0,47.0,2.0,150.0,5.0,26.0,8.0,Austin Peay,,7-17,2.0,9-88,343.0,0.0,7.1,3.2
26-31,SEC,1.0,25.0,1-1,0.0,1.0,401752674,,1.0,83.0,0.0,0.0,18.0,1.0,13.0,341.0,4.0,1.0,3.0,61,30:09,0.0,50.0,2.0,1.0,38.0,4.0,219.0,2.0,35.0,7.0,Missouri,,9-13,1.0,8-70,560.0,0.0,11.0,5.8
13-23,UAC,0.0,15.0,1-1,1.0,0.0,401752674,,,,1.0,0.0,111.0,7.0,,73.0,1.0,,1.0,6,29:51,,,,1.0,39.0,0.0,154.0,1.0,32.0,2.0,Central Arkansas,,2-13,1.0,5-60,227.0,2.0,3.2,3.9
25-37,ACC,1.0,28.0,0-0,0.0,,401754519,,,,3.0,0.0,88.0,2.0,9.0,313.0,3.0,,2.0,51,30:25,1.0,134.0,6.0,1.0,30.0,4.0,229.0,4.0,34.0,6.0,Louisville,,6-9,,12-106,542.0,3.0,8.5,7.6
5-14,UAC,1.0,10.0,0-0,0.0,0.0,401754519,,1.0,92.0,0.0,0.0,51.0,3.0,5.0,76.0,3.0,3.0,0.0,17,29:35,,,,1.0,39.0,1.0,74.0,0.0,37.0,1.0,Eastern Kentucky,,3-14,1.0,8-51,150.0,0.0,5.4,1.9
30-39,Conference USA,0.0,26.0,1-2,0.0,1.0,401757226,,,,0.0,,,,13.0,399.0,6.0,,6.0,55,30:11,0.0,10.0,1.0,3.0,32.0,1.0,165.0,2.0,42.0,7.0,Western Kentucky,,5-12,0.0,12-130,564.0,0.0,10.2,5.2
16-35,UAC,0.0,17.0,0-3,1.0,0.0,401757226,,,,0.0,0.0,27.0,2.0,6.0,105.0,2.0,,0.0,6,29:49,0.0,-6.0,2.0,1.0,37.0,0.0,153.0,0.0,40.0,2.0,North Alabama,,5-17,2.0,7-80,258.0,1.0,3.0,4.1
18-35,Big Sky,,17.0,0-1,1.0,1.0,401767126,,,,3.0,0.0,144.0,7.0,0.0,169.0,,,0.0,0,32:22,,,,,29.0,0.0,108.0,,,,Portland State,,4-14,1.0,6-45,277.0,4.0,4.8,3.7
14-25,UAC,,22.0,1-1,1.0,1.0,401767126,,1.0,91.0,0.0,,,,6.0,152.0,,3.0,2.0,42,27:38,,,,,38.0,3.0,301.0,,,,Tarleton State,,6-12,3.0,4-30,453.0,1.0,6.1,7.9
8-16,American Athletic,0.0,24.0,1-2,1.0,0.0,401762432,,,,2.0,0.0,17.0,1.0,9.0,131.0,5.0,,0.0,27,36:34,0.0,60.0,3.0,4.0,66.0,3.0,280.0,2.0,36.0,7.0,Army,,6-16,2.0,5-35,411.0,3.0,8.2,4.2
16-30,UAC,0.0,16.0,1-2,0.0,1.0,401762432,,0.0,34.0,0.0,0.0,31.0,2.0,12.0,152.0,2.0,2.0,1.0,30,23:26,,,,4.0,42.0,2.0,192.0,0.0,45.0,9.0,Tarleton State,,6-18,2.0,9-73,344.0,0.0,5.1,4.6
21-31,Big Sky,,21.0,0-2,1.0,2.0,401767156,,0.0,31.0,1.0,0.0,23.0,1.0,7.0,253.0,,2.0,3.0,31,27:45,0.0,47.0,3.0,,43.0,1.0,164.0,,,,UC Davis,,6-15,1.0,6-63,417.0,2.0,8.2,3.8
28-44,UAC,,18.0,0-2,2.0,1.0,401767156,,0.0,0.0,2.0,0.0,13.0,1.0,6.0,272.0,,1.0,2.0,24,32:15,0.0,1.0,3.0,,30.0,1.0,81.0,,,,Utah Tech,,7-16,2.0,3-30,353.0,4.0,6.2,2.7
27-48,Mountain West,0.0,25.0,2-6,3.0,0.0,401762522,,,,0.0,0.0,39.0,3.0,1.0,256.0,1.0,,1.0,7,36:21,,,,0.0,38.0,0.0,122.0,4.0,26.0,7.0,Boise State,,6-17,4.0,8-57,378.0,3.0,5.3,3.2
17-25,American Athletic,0.0,15.0,1-2,0.0,3.0,401762522,,,,0.0,,,,10.0,255.0,6.0,,1.0,34,23:39,0.0,8.0,1.0,5.0,28.0,3.0,117.0,1.0,36.0,5.0,South Florida,,5-14,1.0,7-56,372.0,0.0,10.2,4.2
24-34,ACC,0.0,21.0,0-0,0.0,,401754373,,,,1.0,,,,6.0,318.0,3.0,,1.0,24,32:07,,,,9.0,36.0,2.0,105.0,1.0,35.0,9.0,NC State,,7-15,,7-63,423.0,1.0,9.4,2.9
31-45,American Athletic,0.0,18.0,1-4,0.0,,401754373,,0.0,20.0,0.0,0.0,48.0,2.0,5.0,383.0,3.0,1.0,1.0,17,27:53,,,,4.0,29.0,1.0,30.0,1.0,32.0,10.0,East Carolina,,6-16,,10-86,413.0,0.0,8.5,1.0
25-40,Mid-American,0.0,18.0,1-3,1.0,0.0,401762456,,,,1.0,,,,4.0,199.0,2.0,,0.0,10,26:14,,,,0.0,22.0,1.0,103.0,0.0,30.0,2.0,Massachusetts,,3-11,1.0,5-32,302.0,2.0,5.0,4.7
22-29,American Athletic,0.0,24.0,0-0,0.0,1.0,401762456,,0.0,0.0,0.0,0.0,50.0,3.0,6.0,276.0,6.0,1.0,6.0,42,33:46,0.0,24.0,1.0,1.0,37.0,0.0,191.0,2.0,27.0,4.0,Temple,,9-12,1.0,5-57,467.0,0.0,9.5,5.2
12-19,Southern,0.0,14.0,1-1,0.0,0.0,401762433,,0.0,20.0,2.0,0.0,15.0,1.0,4.0,114.0,0.0,1.0,1.0,10,31:33,,,,1.0,37.0,0.0,118.0,0.0,39.0,3.0,Chattanooga,,2-12,1.0,3-25,232.0,2.0,6.0,3.2
22-28,American Athletic,1.0,24.0,1-1,0.0,,401762433,,1.0,27.0,1.0,0.0,20.0,1.0,9.0,199.0,1.0,2.0,1.0,45,28:26,0.0,16.0,1.0,4.0,33.0,4.0,233.0,2.0,30.0,10.0,Memphis,,5-9,,3-35,432.0,1.0,7.1,7.1
16-28,Southern,0.0,9.0,1-2,0.0,,401762434,,,,0.0,0.0,40.0,2.0,1.0,197.0,1.0,,1.0,7,24:33,,,,1.0,22.0,0.0,15.0,0.0,33.0,3.0,VMI,,4-14,,5-35,212.0,0.0,7.0,0.7
9-14,American Athletic,0.0,26.0,0-0,0.0,0.0,401762434,,,,0.0,0.0,64.0,2.0,10.0,92.0,4.0,,1.0,52,35:27,0.0,53.0,4.0,2.0,54.0,6.0,468.0,5.0,15.0,7.0,Navy,,10-13,1.0,4-35,560.0,0.0,6.6,8.7
19-36,Big Ten,0.0,19.0,0-2,1.0,0.0,401752803,,,,4.0,,,,3.0,161.0,4.0,,0.0,3,26:39,,,,0.0,27.0,0.0,76.0,1.0,41.0,3.0,Northwestern,,5-12,2.0,4-19,237.0,5.0,4.5,2.8
18-32,American Athletic,0.0,23.0,1-1,0.0,1.0,401752803,,0.0,11.0,0.0,0.0,18.0,1.0,11.0,152.0,5.0,4.0,1.0,23,33:21,0.0,3.0,2.0,2.0,42.0,1.0,269.0,3.0,36.0,3.0,Tulane,,6-15,0.0,5-55,421.0,0.0,4.8,6.4
19-30,Conference USA,1.0,14.0,0-3,0.0,2.0,401757218,,,,1.0,,,,6.0,209.0,5.0,,0.0,24,27:04,0.0,19.0,2.0,2.0,31.0,2.0,173.0,2.0,49.0,7.0,Sam Houston,,2-14,0.0,7-51,382.0,1.0,7.0,5.6
33-51,Conference USA,0.0,26.0,0-1,2.0,0.0,401757218,,0.0,6.0,0.0,0.0,83.0,4.0,11.0,401.0,4.0,1.0,3.0,41,32:56,0.0,-3.0,1.0,2.0,35.0,2.0,105.0,2.0,31.0,9.0,Western Kentucky,,11-19,2.0,2-17,506.0,2.0,7.9,3.0
23-39,SWAC,0.0,17.0,0-3,1.0,1.0,401766898,,,,0.0,0.0,51.0,3.0,9.0,241.0,3.0,,0.0,9,27:59,0.0,9.0,2.0,3.0,30.0,0.0,105.0,0.0,36.0,6.0,Bethune-Cookman,,5-15,2.0,8-75,346.0,1.0,6.2,3.5
22-35,Conference USA,0.0,28.0,1-2,1.0,1.0,401766898,,,,0.0,0.0,103.0,4.0,6.0,233.0,2.0,,0.0,42,32:01,0.0,2.0,2.0,4.0,38.0,6.0,223.0,2.0,33.0,6.0,Florida International,,8-14,1.0,7-40,456.0,1.0,6.7,5.9
15-31,Southland,0.0,18.0,0-2,1.0,0.0,401757221,,,,2.0,,,,,145.0,2.0,,0.0,0,27:53,0.0,25.0,3.0,0.0,44.0,0.0,128.0,3.0,36.0,8.0,SE Louisiana,,9-18,2.0,7-43,273.0,3.0,4.7,2.9
14-19,Conference USA,1.0,14.0,0-1,0.0,1.0,401757221,,0.0,25.0,0.0,0.0,41.0,1.0,6.0,130.0,6.0,2.0,1.0,24,32:07,0.0,25.0,3.0,0.0,32.0,1.0,133.0,4.0,33.0,11.0,Louisiana Tech,,3-10,0.0,5-50,263.0,0.0,6.8,4.2
19-28,Mountain West,0.0,18.0,0-0,0.0,,401757225,,0.0,0.0,0.0,0.0,35.0,2.0,8.0,233.0,2.0,1.0,1.0,28,30:37,0.0,22.0,5.0,2.0,31.0,2.0,129.0,2.0,41.0,7.0,Utah State,,2-12,,11-73,362.0,0.0,8.3,4.2
23-36,Conference USA,0.0,19.0,2-2,0.0,,401757225,,,,1.0,0.0,49.0,3.0,4.0,181.0,4.0,,1.0,16,29:23,0.0,24.0,5.0,2.0,35.0,1.0,103.0,6.0,37.0,12.0,UTEP,,4-15,,7-63,284.0,1.0,5.0,2.9
20-30,ACC,0.0,15.0,2-3,0.0,1.0,401752936,,0.0,41.0,0.0,0.0,78.0,3.0,10.0,234.0,4.0,1.0,3.0,34,30:08,0.0,73.0,3.0,6.0,32.0,1.0,122.0,1.0,31.0,7.0,California,,2-13,2.0,6-39,356.0,0.0,7.8,3.8
22-34,Pac-12,0.0,19.0,1-2,1.0,0.0,401752936,,,,1.0,0.0,51.0,3.0,3.0,248.0,6.0,,0.0,15,29:52,0.0,3.0,1.0,4.0,27.0,2.0,65.0,0.0,33.0,4.0,Oregon State,,3-11,3.0,3-20,313.0,2.0,7.3,2.4
10-26,Big Sky,0.0,10.0,0-1,0.0,1.0,401761590,,0.0,0.0,3.0,0.0,112.0,7.0,4.0,84.0,4.0,1.0,1.0,10,27:33,,,,2.0,31.0,0.0,64.0,1.0,37.0,8.0,Weber State,,3-14,0.0,3-21,148.0,3.0,3.2,2.1
17-27,Sun Belt,0.0,23.0,1-3,1.0,0.0,401761590,,0.0,49.0,1.0,0.0,46.0,2.0,9.0,145.0,6.0,3.0,2.0,45,32:27,0.0,13.0,2.0,3.0,44.0,4.0,313.0,0.0,32.0,5.0,James Madison,,7-13,1.0,6-75,458.0,2.0,5.4,7.1
19-32,SEC,0.0,27.0,3-3,0.0,,401752669,,,,0.0,,,,9.0,249.0,1.0,,3.0,45,34:29,0.0,26.0,4.0,0.0,44.0,3.0,239.0,0.0,40.0,5.5,Georgia,,6-16,,2-15,488.0,0.0,7.8,5.4
11-21,Sun Belt,0.0,7.0,0-0,0.0,,401752669,,,,0.0,0.0,52.0,3.0,1.0,129.0,5.0,,0.0,7,25:31,0.0,14.0,2.0,0.0,31.0,1.0,78.0,0.0,56.0,3.0,Marshall,,3-15,,6-42,207.0,0.0,6.1,2.5
20-27,Mountain West,0.0,29.0,1-1,1.0,0.0,401760361,,0.0,0.0,2.0,0.0,17.0,1.0,10.0,176.0,6.0,1.0,0.0,42,38:01,0.0,55.0,3.0,0.0,44.0,5.0,351.0,0.0,19.0,2.0,Fresno State,,6-10,1.0,2-25,527.0,3.0,6.5,8.0
17-28,Sun Belt,0.0,13.0,0-0,0.0,1.0,401760361,,0.0,0.0,1.0,0.0,64.0,4.0,2.0,158.0,1.0,2.0,2.0,14,21:59,,,,0.0,21.0,0.0,84.0,0.0,42.0,3.0,Georgia Southern,,4-11,0.0,5-58,242.0,1.0,5.6,4.0
18-32,Big Ten,1.0,30.0,0-2,1.0,0.0,401752806,,0.0,33.0,0.0,0.0,28.0,1.0,9.0,193.0,3.0,3.0,0.0,27,41:28,1.0,108.0,3.0,5.0,57.0,2.0,309.0,1.0,20.0,3.0,Indiana,,10-17,1.0,3-25,502.0,1.0,6.0,5.4
11-22,Sun Belt,0.0,10.0,0-0,0.0,1.0,401752806,,,,3.0,,,,2.0,96.0,5.0,,0.0,14,18:32,0.0,3.0,1.0,2.0,23.0,2.0,218.0,1.0,48.0,4.0,Old Dominion,,4-10,0.0,9-65,314.0,3.0,4.4,9.5
22-36,ACC,1.0,23.0,1-3,0.0,2.0,401754616,,0.0,10.0,0.0,1.0,100.0,1.0,12.0,290.0,9.0,1.0,2.0,48,33:33,0.0,31.0,4.0,4.0,42.0,3.0,177.0,1.0,13.0,4.0,Virginia,,9-18,1.0,7-50,467.0,0.0,8.1,4.2
20-37,Sun Belt,0.0,13.0,1-2,1.0,0.0,401754616,,,,1.0,0.0,18.0,1.0,1.0,163.0,6.0,,0.0,7,26:27,,,,3.0,29.0,1.0,98.0,0.0,29.0,3.0,Coastal Carolina,,1-14,1.0,7-60,261.0,2.0,4.4,3.4
13-25,American Athletic,0.0,15.0,2-2,1.0,1.0,401761589,,,,1.0,,,,3.0,142.0,3.0,,1.0,11,26:02,,,,2.0,29.0,0.0,76.0,1.0,51.0,3.0,Charlotte,,4-14,1.0,7-54,218.0,2.0,5.7,2.6
33-50,Sun Belt,0.0,32.0,2-2,1.0,1.0,401761589,,0.0,0.0,0.0,0.0,10.0,2.0,10.0,404.0,5.0,1.0,3.0,34,33:58,0.0,6.0,5.0,3.0,38.0,1.0,182.0,0.0,28.0,6.0,App State,,7-15,1.0,9-98,586.0,1.0,8.1,4.8
24-37,SEC,0.0,33.0,1-1,0.0,0.0,401752672,,0.0,1.0,2.0,,,,13.0,400.0,5.0,1.0,4.0,63,28:36,0.0,67.0,5.0,6.0,44.0,4.0,295.0,1.0,30.0,5.0,Ole Miss,,8-13,1.0,8-51,695.0,2.0,10.8,6.7
12-25,Sun Belt,0.0,10.0,2-4,0.0,,401752672,,0.0,25.0,1.0,0.0,39.0,2.0,1.0,69.0,4.0,2.0,1.0,7,31:24,,,,4.0,35.0,0.0,191.0,2.0,46.0,6.0,Georgia State,,2-15,,8-60,260.0,1.0,2.8,5.5
15-25,MEAC,0.0,17.0,2-2,3.0,1.0,401761593,,,,1.0,0.0,17.0,1.0,3.0,159.0,1.0,,0.0,21,22:46,,,,0.0,40.0,3.0,181.0,1.0,23.0,3.0,Morgan State,,5-13,3.0,10-61,340.0,4.0,6.4,4.5
13-15,Sun Belt,0.0,19.0,1-2,1.0,3.0,401761593,,0.0,0.0,0.0,0.0,0.0,1.0,8.0,174.0,6.0,1.0,2.0,38,26:22,0.0,46.0,1.0,1.0,41.0,3.0,193.0,3.0,26.0,10.0,South Alabama,,2-8,3.0,8-50,367.0,1.0,11.6,4.7
7-9,American Athletic,0.0,18.0,0-1,0.0,1.0,401761592,,0.0,0.0,0.0,0.0,37.0,2.0,2.0,45.0,1.0,1.0,0.0,14,36:24,0.0,3.0,1.0,1.0,55.0,2.0,206.0,3.0,34.0,6.0,Rice,,5-12,0.0,8-90,251.0,0.0,5.0,3.7
10-28,Sun Belt,0.0,16.0,0-2,1.0,0.0,401761592,,,,1.0,,,,6.0,88.0,1.0,,0.0,12,23:36,0.0,23.0,3.0,0.0,31.0,1.0,151.0,2.0,53.0,7.0,Louisiana,,7-15,1.0,6-44,239.0,2.0,3.1,4.9
23-34,Mid-American,0.0,23.0,2-2,0.0,,401761594,,,,0.0,0.0,33.0,2.0,9.0,248.0,2.0,,1.0,27,29:02,,,,2.0,33.0,2.0,143.0,1.0,39.0,3.0,Eastern Michigan,,6-15,,6-50,391.0,0.0,7.3,4.3
18-27,Sun Belt,0.0,30.0,1-1,0.0,0.0,401761594,,,,0.0,0.0,17.0,2.0,10.0,214.0,3.0,,4.0,52,30:58,0.0,33.0,2.0,6.0,39.0,3.0,392.0,2.0,40.0,7.0,Texas State,,7-10,1.0,6-42,606.0,0.0,7.9,10.1
12-20,NEC,0.0,7.0,0-1,0.0,,401761588,,0.0,22.0,1.0,0.0,54.0,6.0,,50.0,3.0,1.0,0.0,0,29:11,,,,0.0,27.0,0.0,81.0,2.0,39.0,8.0,St. Francis (PA),,2-12,,6-58,131.0,1.0,2.5,3.0
14-26,Sun Belt,0.0,22.0,2-2,0.0,0.0,401761588,,0.0,0.0,1.0,,,,5.0,123.0,2.0,1.0,2.0,29,30:49,0.0,28.0,3.0,2.0,43.0,2.0,311.0,3.0,30.0,5.0,UL Monroe,,5-12,2.0,5-45,434.0,1.0,4.7,7.2
27-37,SEC,0.0,23.0,0-0,0.0,0.0,401752673,,0.0,0.0,1.0,,,,10.0,277.0,7.0,1.0,1.0,34,30:21,0.0,0.0,3.0,0.0,42.0,3.0,188.0,1.0,17.0,3.0,Mississippi State,,11-17,1.0,14-119,465.0,1.0,7.5,4.5
26-39,Sun Belt,0.0,18.0,1-3,0.0,,401752673,,0.0,0.0,1.0,0.0,32.0,1.0,5.0,199.0,6.0,1.0,2.0,17,29:39,,,,0.0,35.0,0.0,102.0,1.0,25.0,4.0,Southern Miss,,10-19,,8-60,301.0,1.0,5.1,2.9
21-27,Southland,0.0,16.0,0-1,0.0,,401761595,,,,1.0,,,,8.0,184.0,2.0,,1.0,20,29:13,0.0,32.0,1.0,3.0,25.0,1.0,65.0,1.0,22.0,2.0,Nicholls,,4-11,,6-45,249.0,1.0,6.8,2.6
14-24,Sun Belt,0.0,23.0,1-2,0.0,,401761595,,0.0,1.0,0.0,0.0,67.0,5.0,8.0,144.0,1.0,1.0,3.0,38,30:47,,,,2.0,44.0,2.0,272.0,4.0,22.0,8.0,Troy,,9-15,,8-100,416.0,0.0,6.0,6.2
13-26,MEAC,0.0,21.0,2-2,0.0,1.0,401757219,,,,2.0,0.0,19.0,1.0,5.0,149.0,3.0,,1.0,17,31:53,0.0,-5.0,1.0,3.0,41.0,1.0,200.0,2.0,37.0,3.0,Delaware State,,6-14,3.0,13-109,349.0,2.0,5.7,4.9
31-44,Conference USA,1.0,26.0,2-2,1.0,0.0,401757219,,1.0,45.0,0.0,0.0,90.0,3.0,5.0,272.0,2.0,2.0,3.0,35,28:07,0.0,0.0,1.0,3.0,26.0,1.0,137.0,2.0,31.0,7.0,Delaware,,8-13,1.0,6-55,409.0,1.0,6.2,5.3
24-27,Big Ten,1.0,27.0,0-0,1.0,1.0,401752798,,1.0,76.0,0.0,0.0,62.0,3.0,13.0,364.0,3.0,2.0,3.0,73,27:29,,,,0.0,30.0,6.0,233.0,5.0,38.0,13.0,USC,,6-7,1.0,5-45,597.0,1.0,13.5,7.8
20-28,Conference USA,0.0,11.0,2-2,1.0,1.0,401752798,,,,2.0,0.0,35.0,2.0,7.0,159.0,1.0,,1.0,13,32:31,,,,0.0,29.0,0.0,65.0,1.0,31.0,4.0,Missouri State,,3-14,1.0,6-60,224.0,3.0,5.7,2.2
13-24,Patriot,,21.0,1-2,0.0,,401767732,,0.0,9.0,2.0,0.0,17.0,1.0,3.0,135.0,,1.0,2.0,21,31:35,0.0,4.0,1.0,,41.0,1.0,163.0,,,,Lehigh,,5-13,,1-5,298.0,2.0,5.6,4.0
14-20,Patriot,,10.0,2-2,0.0,,401767732,,0.0,0.0,1.0,0.0,99.0,1.0,2.0,113.0,,2.0,0.0,14,28:25,0.0,35.0,3.0,,31.0,1.0,68.0,,,,Richmond,,4-13,,7-79,181.0,1.0,5.7,2.2
11-20,Pioneer,,17.0,1-2,1.0,3.0,401779329,,0.0,43.0,0.0,0.0,29.0,2.0,7.0,75.0,,1.0,1.0,31,33:07,0.0,-1.0,1.0,,43.0,2.0,230.0,,,,Marist,,4-15,1.0,7-56,305.0,1.0,3.8,5.3
31-55,NEC,,22.0,1-4,3.0,1.0,401779329,,,,1.0,0.0,85.0,5.0,2.0,377.0,,,2.0,14,26:53,0.0,36.0,5.0,,18.0,0.0,19.0,,,,New Haven,,6-15,3.0,9-111,396.0,4.0,6.9,1.1
6-9,Mountain West,1.0,23.0,1-1,0.0,1.0,401760359,,0.0,3.0,0.0,,,,7.0,159.0,3.0,1.0,2.0,49,31:38,0.0,7.0,1.0,2.0,51.0,4.0,267.0,6.0,32.0,6.0,Air Force,,6-9,0.0,5-56,426.0,0.0,17.7,5.2
16-24,Patriot,0.0,18.0,1-2,1.0,0.0,401760359,,,,1.0,0.0,22.0,1.0,7.0,169.0,0.0,,1.0,13,28:22,,,,1.0,38.0,0.0,97.0,1.0,41.0,2.0,Bucknell,,3-11,1.0,6-50,266.0,2.0,7.0,2.6
31-39,ACC,1.0,26.0,1-1,0.0,,401754518,,1.0,28.0,0.0,0.0,37.0,2.0,12.0,458.0,7.0,1.0,5.0,66,34:05,0.0,89.0,8.0,2.0,38.0,3.0,98.0,3.0,42.0,8.0,Boston College,,12-18,,1-15,556.0,0.0,11.7,2.6
20-39,Patriot,0.0,13.0,0-0,0.0,0.0,401754518,,,,1.0,0.0,79.0,4.0,4.0,152.0,4.0,,0.0,10,25:55,0.0,1.0,1.0,0.0,27.0,1.0,16.0,2.0,48.0,4.0,Fordham,,3-16,1.0,2-15,168.0,1.0,3.9,0.6
14-24,Mid-American,1.0,17.0,2-3,0.0,0.0,401762793,,0.0,0.0,1.0,1.0,139.0,4.0,7.0,109.0,4.0,1.0,0.0,19,33:26,,,,2.0,46.0,1.0,180.0,2.0,32.0,8.0,Northern Illinois,,5-17,2.0,7-48,289.0,1.0,4.5,3.9
17-29,Patriot,1.0,11.0,0-2,0.0,,401762793,,0.0,0.0,1.0,1.0,201.0,5.0,5.0,155.0,2.0,1.0,1.0,17,26:34,0.0,7.0,1.0,1.0,25.0,0.0,63.0,0.0,38.0,3.0,Holy Cross,,3-12,,1-5,218.0,1.0,5.3,2.5
12-18,Mid-American,1.0,17.0,0-1,0.0,,401762790,,,,0.0,1.0,153.0,2.0,14.0,109.0,1.0,,0.0,26,32:20,0.0,9.0,1.0,1.0,43.0,1.0,157.0,3.0,32.0,8.0,Bowling Green,,5-13,,4-37,266.0,0.0,6.1,3.7
16-29,Patriot,0.0,11.0,1-3,0.0,,401762790,,,,0.0,0.0,67.0,3.0,1.0,118.0,2.0,,1.0,7,27:40,,,,0.0,30.0,0.0,59.0,2.0,35.0,5.0,Lafayette,,4-14,,4-35,177.0,0.0,4.1,2.0
22-36,Southern,,16.0,0-0,0.0,0.0,401767572,,0.0,0.0,1.0,0.0,127.0,4.0,4.0,154.0,,1.0,1.0,10,24:10,0.0,47.0,2.0,,24.0,0.0,87.0,,,,Mercer,,4-13,2.0,5-41,241.0,1.0,4.3,3.6
25-38,Pioneer,,20.0,3-5,0.0,,401767572,,0.0,0.0,1.0,0.0,11.0,1.0,3.0,303.0,,1.0,1.0,15,35:50,0.0,17.0,2.0,,33.0,1.0,113.0,,,,Presbyterian,,7-17,,7-55,416.0,1.0,8.0,3.4
24-34,American Athletic,1.0,25.0,1-2,1.0,1.0,401762435,,0.0,26.0,0.0,,,,9.0,329.0,0.0,1.0,3.0,51,33:28,0.0,24.0,4.0,6.0,41.0,3.0,133.0,3.0,32.0,8.0,North Texas,,7-12,1.0,3-20,462.0,1.0,9.7,3.2
13-27,Southland,0.0,8.0,0-1,1.0,1.0,401762435,,,,1.0,0.0,30.0,3.0,,88.0,3.0,,0.0,0,26:32,0.0,7.0,1.0,3.0,27.0,0.0,31.0,0.0,37.0,8.0,Lamar,,3-13,1.0,14-99,119.0,2.0,3.3,1.1
17-28,MEAC,,12.0,1-1,0.0,,401767350,,,,1.0,0.0,56.0,3.0,4.0,145.0,,,1.0,10,26:24,0.0,25.0,2.0,,29.0,0.0,56.0,,,,Howard,,6-16,,5-35,201.0,1.0,5.2,1.9
17-32,SWAC,,15.0,0-0,0.0,,401767350,,0.0,0.0,0.0,0.0,46.0,2.0,9.0,183.0,,1.0,0.0,9,33:36,0.0,28.0,4.0,,32.0,0.0,89.0,,,,Florida A&M,,5-16,,6-54,272.0,0.0,5.7,2.8
26-36,SEC,0.0,29.0,0-0,0.0,2.0,401752666,,,,0.0,0.0,53.0,2.0,10.0,358.0,5.0,,7.0,52,33:39,0.0,28.0,5.0,10.0,40.0,0.0,194.0,2.0,34.0,6.0,Arkansas,,9-14,1.0,3-20,552.0,0.0,9.9,4.9
15-29,SWAC,0.0,12.0,0-0,2.0,0.0,401752666,,,,0.0,0.0,53.0,3.0,1.0,166.0,2.0,,0.0,7,26:21,0.0,5.0,1.0,3.0,26.0,1.0,69.0,2.0,37.0,5.0,Alabama A&M,,1-12,1.0,7-42,235.0,2.0,5.7,2.7
18-23,American Athletic,0.0,24.0,1-2,0.0,1.0,401762430,,,,0.0,0.0,143.0,7.0,8.0,247.0,2.0,,2.0,52,25:46,0.0,38.0,2.0,1.0,35.0,5.0,273.0,2.0,35.0,5.0,UAB,,4-7,0.0,5-40,520.0,0.0,10.7,7.8
18-24,SWAC,0.0,26.0,0-0,1.0,0.0,401762430,,,,0.0,0.0,73.0,4.0,6.0,312.0,3.0,,4.0,42,34:14,,,,1.0,41.0,2.0,202.0,0.0,46.0,2.0,Alabama State,,13-15,1.0,7-44,514.0,1.0,13.0,4.9
17-30,SWAC,,20.0,3-4,2.0,1.0,401767425,,,,0.0,0.0,136.0,6.0,10.0,152.0,,,1.0,34,33:28,0.0,-5.0,2.0,,50.0,3.0,212.0,,,,Southern,,6-16,2.0,7-60,364.0,2.0,5.1,4.2
14-33,SWAC,,14.0,1-3,0.0,2.0,401767425,,,,0.0,0.0,68.0,5.0,11.0,218.0,,,2.0,29,26:32,0.0,0.0,1.0,,31.0,0.0,78.0,,,,Mississippi Valley State,,2-14,1.0,8-50,296.0,0.0,6.6,2.5
9-18,Southland,,12.0,1-1,1.0,1.0,401767369,,0.0,0.0,1.0,0.0,58.0,3.0,2.0,85.0,,2.0,1.0,20,29:57,1.0,18.0,3.0,,40.0,1.0,185.0,,,,Northwestern State,,3-13,1.0,8-60,270.0,2.0,4.7,4.6
19-44,SWAC,,18.0,1-4,1.0,1.0,401767369,,1.0,72.0,2.0,0.0,21.0,4.0,4.0,182.0,,1.0,0.0,10,30:03,0.0,22.0,2.0,,33.0,0.0,119.0,,,,Alcorn State,,5-17,1.0,15-123,301.0,3.0,4.1,3.6
11-16,SWAC,,17.0,3-3,0.0,0.0,401767431,,0.0,0.0,0.0,0.0,140.0,3.0,3.0,132.0,,1.0,1.0,21,21:50,,,,,30.0,2.0,126.0,,,,Texas Southern,,5-9,1.0,7-63,258.0,0.0,8.3,4.2
22-38,SWAC,,19.0,2-3,0.0,,401767431,,,,1.0,0.0,46.0,2.0,2.0,295.0,,,1.0,22,38:10,0.0,1.0,1.0,,30.0,1.0,130.0,,,,Prairie View A&M,,6-16,,15-159,425.0,1.0,7.8,4.3
22-27,MEAC,,21.0,1-1,1.0,1.0,401767410,,,,0.0,0.0,74.0,3.0,7.0,186.0,,,1.0,31,35:06,0.0,7.0,1.0,,36.0,3.0,223.0,,,,North Carolina Central,,6-11,1.0,5-50,409.0,1.0,6.9,6.2
13-19,SWAC,,15.0,2-3,1.0,0.0,401767410,,,,0.0,0.0,67.0,4.0,2.0,88.0,,,0.0,14,24:54,,,,,30.0,2.0,249.0,,,,Southern,,2-10,1.0,743-37,337.0,1.0,4.6,8.3
14-32,,,6.0,0-1,2.0,1.0,401788977,,,,1.0,0.0,39.0,3.0,1.0,129.0,,,1.0,7,22:56,0.0,0.0,1.0,,21.0,0.0,-32.0,,,,Langston University,,3-15,2.0,5-41,97.0,3.0,4.0,-1.5
26-33,SWAC,,25.0,1-3,1.0,2.0,401788977,,0.0,29.0,0.0,0.0,0.0,1.0,7.0,247.0,,1.0,4.0,55,37:04,0.0,81.0,4.0,,43.0,4.0,219.0,,,,Grambling,,7-14,2.0,7-60,466.0,1.0,7.5,5.1
9-23,NEC,0.0,13.0,0-1,0.0,,401757167,,,,0.0,0.0,30.0,1.0,7.0,129.0,4.0,,0.0,13,32:32,,,,3.0,40.0,1.0,128.0,1.0,42.0,3.0,Central Connecticut,,5-16,,6-40,257.0,0.0,5.6,3.2
27-38,FBS Independents,0.0,26.0,0-1,0.0,,401757167,,,,0.0,0.0,84.0,4.0,11.0,388.0,6.0,,4.0,59,27:28,0.0,21.0,1.0,5.0,31.0,4.0,293.0,1.0,28.0,7.0,UConn,,12-16,,8-78,681.0,0.0,10.2,9.5
19-27,MVFC,,27.0,1-2,1.0,1.0,401767446,,0.0,6.0,1.0,0.0,108.0,5.0,11.0,250.0,,2.0,2.0,41,30:02,0.0,28.0,1.0,,51.0,3.0,219.0,,,,Indiana State,,3-11,1.0,8-65,469.0,2.0,9.3,4.3
16-40,Great Lakes,,22.0,1-2,1.0,0.0,401767446,,0.0,0.0,2.0,0.0,63.0,3.0,4.0,188.0,,1.0,2.0,24,29:58,0.0,7.0,1.0,,39.0,1.0,137.0,,,,McKendree,,7-17,1.0,4-20,325.0,3.0,4.7,3.5
19-31,Pioneer,,18.0,2-5,1.0,0.0,401767602,,,,1.0,0.0,88.0,5.0,2.0,190.0,,,1.0,14,29:20,,,,,38.0,1.0,139.0,,,,Davidson,,4-14,1.0,6-50,329.0,2.0,6.1,3.7
17-23,Patriot,,23.0,1-1,0.0,1.0,401767602,,0.0,10.0,0.0,0.0,19.0,1.0,8.0,261.0,,1.0,3.0,51,30:40,,,,,40.0,4.0,282.0,,,,Georgetown,,8-12,0.0,5-53,543.0,0.0,11.3,7.1
17-28,MVFC,,25.0,0-0,0.0,1.0,401767536,,0.0,0.0,0.0,0.0,63.0,3.0,8.0,235.0,,2.0,4.0,38,28:17,0.0,0.0,1.0,,31.0,1.0,213.0,,,,Northern Iowa,,6-10,0.0,2-24,448.0,0.0,8.4,6.9
22-36,Pioneer,,19.0,1-2,1.0,0.0,401767536,,,,2.0,0.0,53.0,3.0,2.0,189.0,,,1.0,14,31:43,0.0,13.0,1.0,,37.0,1.0,147.0,,,,Butler,,13-20,2.0,2-20,336.0,3.0,5.3,4.0
22-33,Big Sky,,32.0,0-0,0.0,,401767070,,,,0.0,0.0,18.0,1.0,11.0,335.0,,,3.0,41,30:53,0.0,27.0,1.0,,38.0,2.0,134.0,,,,Cal Poly,,7-13,,8-54,469.0,0.0,10.2,3.5
19-30,Pioneer,,16.0,1-2,0.0,,401767070,,,,0.0,0.0,31.0,1.0,5.0,202.0,,,1.0,17,29:07,0.0,1.0,1.0,,33.0,1.0,165.0,,,,San Diego,,5-15,,7-91,367.0,0.0,6.7,5.0
9-19,,,15.0,1-1,0.0,2.0,401767651,,1.0,21.0,0.0,0.0,81.0,4.0,7.0,72.0,,1.0,1.0,31,27:32,,,,,34.0,1.0,119.0,,,,Webber International,,5-13,3.0,5-44,191.0,0.0,3.8,3.5
22-33,Pioneer,,20.0,2-4,1.0,0.0,401767651,,,,1.0,0.0,78.0,5.0,3.0,262.0,,,1.0,21,32:28,0.0,7.0,2.0,,43.0,2.0,141.0,,,,Stetson,,5-15,3.0,10-80,403.0,2.0,7.9,3.3
16-29,,,10.0,0-1,2.0,1.0,401767655,,1.0,40.0,2.0,0.0,24.0,3.0,4.0,136.0,,1.0,0.0,10,29:55,,,,,31.0,0.0,25.0,,,,Virginia University Of Lynchburg,,3-15,3.0,14-110,161.0,4.0,4.7,0.8
10-16,Pioneer,,20.0,0-1,1.0,2.0,401767655,,0.0,20.0,1.0,0.0,145.0,3.0,13.0,113.0,,2.0,2.0,67,30:05,1.0,22.0,2.0,,38.0,5.0,297.0,,,,Valparaiso,,5-9,1.0,9-56,410.0,2.0,7.1,7.8
9-16,Big Ten,0.0,20.0,2-2,1.0,0.0,401752799,,,,0.0,,,,10.0,48.0,1.0,,1.0,34,36:37,0.0,63.0,2.0,1.0,53.0,3.0,310.0,2.0,29.0,5.0,Iowa,,10-16,1.0,2-20,358.0,1.0,3.0,5.8
13-26,CAA,0.0,9.0,1-1,0.0,1.0,401752799,,,,0.0,0.0,29.0,3.0,1.0,134.0,1.0,,1.0,7,23:23,,,,1.0,21.0,0.0,43.0,1.0,42.0,3.0,UAlbany,,2-11,0.0,3-15,177.0,0.0,5.2,2.0
27-34,ACC,1.0,23.0,0-0,1.0,0.0,401754517,,,,0.0,0.0,58.0,3.0,9.0,389.0,1.0,,3.0,45,27:07,1.0,82.0,4.0,5.0,25.0,2.0,159.0,3.0,22.0,10.0,Duke,,5-9,2.0,3-15,548.0,1.0,11.4,6.4
11-18,CAA,0.0,14.0,1-2,0.0,1.0,401754517,,,,0.0,0.0,46.0,1.0,5.0,112.0,1.0,,0.0,17,32:53,,,,0.0,44.0,2.0,163.0,2.0,31.0,4.0,Elon,,8-17,0.0,7-47,275.0,0.0,6.2,3.7
19-33,Conference USA,0.0,22.0,1-2,0.0,1.0,401757220,,0.0,0.0,0.0,0.0,55.0,2.0,4.0,197.0,2.0,1.0,3.0,28,33:34,0.0,4.0,1.0,1.0,40.0,1.0,194.0,3.0,27.0,6.0,Liberty,,11-19,0.0,4-40,391.0,0.0,6.0,4.9
13-31,CAA,0.0,15.0,2-5,1.0,0.0,401757220,,,,1.0,0.0,12.0,1.0,1.0,132.0,6.0,,0.0,7,26:26,,,,2.0,32.0,1.0,184.0,0.0,50.0,3.0,Maine,,2-11,1.0,2-20,316.0,2.0,4.3,5.8
13-33,MEAC,,16.0,0-1,0.0,,401767265,,,,1.0,0.0,63.0,3.0,4.0,172.0,,,1.0,10,25:08,0.0,12.0,3.0,,30.0,0.0,103.0,,,,North Carolina Central,,3-13,,5-60,275.0,1.0,5.2,3.4
10-17,CAA,,14.0,0-0,0.0,,401767265,,0.0,0.0,0.0,0.0,0.0,1.0,7.0,186.0,,1.0,2.0,27,34:52,0.0,63.0,2.0,,39.0,1.0,118.0,,,,New Hampshire,,5-13,,11-110,304.0,0.0,10.9,3.0
16-29,Mountain West,0.0,24.0,3-4,0.0,,401760357,,,,0.0,,,,10.0,236.0,3.0,,1.0,42,37:25,0.0,89.0,9.0,10.0,54.0,4.0,228.0,3.0,16.0,5.0,San Diego State,,9-19,,7-65,453.0,0.0,8.1,4.2
9-25,CAA,0.0,6.0,1-2,0.0,,401760357,,,,0.0,0.0,35.0,2.0,,46.0,5.0,,0.0,0,22:35,,,,3.0,28.0,0.0,49.0,0.0,49.0,3.0,Stony Brook,,2-15,,4-28,95.0,0.0,1.8,1.8
21-30,Southern,,17.0,0-0,1.0,0.0,401767339,,1.0,43.0,0.0,0.0,144.0,4.0,11.0,179.0,,1.0,1.0,23,30:45,0.0,24.0,4.0,,34.0,0.0,58.0,,,,Furman,,6-14,3.0,6-50,237.0,1.0,6.0,1.7
19-32,CAA,,22.0,0-2,0.0,1.0,401767339,,,,1.0,0.0,16.0,1.0,3.0,208.0,,,1.0,21,29:15,0.0,27.0,2.0,,35.0,2.0,144.0,,,,William & Mary,,4-12,1.0,7-59,352.0,1.0,6.5,4.1
21-31,MEAC,,16.0,1-3,0.0,1.0,401767327,,,,0.0,0.0,65.0,3.0,1.0,240.0,,,0.0,7,27:35,,,,,31.0,1.0,39.0,,,,Norfolk State,,3-13,0.0,9-78,279.0,0.0,7.7,1.3
14-26,CAA,,18.0,1-1,1.0,0.0,401767327,,,,0.0,0.0,28.0,1.0,9.0,187.0,,,3.0,27,31:05,0.0,18.0,3.0,,38.0,0.0,136.0,,,,Towson,,9-17,1.0,6-59,323.0,1.0,7.2,3.6
20-33,Rocky Mountain,,21.0,1-2,0.0,,401767119,,,,1.0,,,,3.0,228.0,,,0.0,3,31:22,0.0,-1.0,1.0,,31.0,0.0,105.0,,,,Chadron St,,3-11,,4-60,333.0,1.0,6.9,3.4
9-16,Big Sky,,19.0,0-0,0.0,,401767119,,0.0,15.0,0.0,,,,5.0,131.0,,1.0,1.0,17,28:38,,,,,36.0,1.0,160.0,,,,Northern Colorado,,6-12,,3-30,291.0,0.0,8.2,4.4
27-38,Southland,,27.0,2-2,1.0,1.0,401767059,,0.0,0.0,0.0,,,,7.0,332.0,,1.0,1.0,31,34:19,0.0,27.0,2.0,,47.0,3.0,131.0,,,,Incarnate Word,,7-16,3.0,7-65,463.0,1.0,8.7,2.8
21-39,Big Sky,,15.0,1-2,1.0,1.0,401767059,,,,1.0,0.0,96.0,4.0,3.0,183.0,,,0.0,21,25:41,0.0,14.0,2.0,,23.0,3.0,107.0,,,,Eastern Washington,,4-13,1.0,3-25,290.0,2.0,4.7,4.7
18-24,Mountain West,0.0,25.0,1-1,1.0,0.0,401760371,,0.0,35.0,0.0,0.0,43.0,2.0,8.0,232.0,6.0,4.0,1.0,38,31:12,,,,3.0,44.0,4.0,300.0,1.0,36.0,6.0,UNLV,,3-12,1.0,8-90,532.0,1.0,9.7,6.8
31-52,Big Sky,0.0,30.0,1-3,0.0,1.0,401760371,,,,4.0,0.0,53.0,2.0,7.0,395.0,0.0,,2.0,31,28:48,0.0,7.0,1.0,1.0,25.0,2.0,160.0,3.0,34.0,7.0,Idaho State,,5-13,1.0,10-80,555.0,4.0,7.6,6.4
19-25,Big Ten,0.0,29.0,2-2,0.0,0.0,401752804,,,,0.0,0.0,91.0,4.0,11.0,253.0,3.0,,3.0,59,30:08,0.0,34.0,4.0,0.0,39.0,5.0,253.0,3.0,37.0,7.0,Oregon,,7-10,1.0,3-29,506.0,0.0,10.1,6.5
23-31,Big Sky,0.0,17.0,1-2,0.0,0.0,401752804,,,,0.0,0.0,45.0,2.0,7.0,198.0,0.0,,0.0,13,29:55,,,,0.0,27.0,1.0,46.0,0.0,33.0,0.0,Montana State,,3-12,1.0,7-54,244.0,0.0,6.4,1.7
25-39,Big 12,0.0,21.0,2-3,0.0,0.0,401756850,,0.0,0.0,1.0,0.0,38.0,2.0,8.0,257.0,5.0,1.0,2.0,38,28:26,0.0,31.0,2.0,8.0,21.0,3.0,203.0,3.0,40.0,8.0,Arizona State,,1-10,1.0,12-93,460.0,1.0,6.6,9.7
26-42,Big Sky,0.0,20.0,3-5,0.0,,401756850,,0.0,0.0,1.0,0.0,84.0,4.0,7.0,242.0,5.0,1.0,1.0,19,31:34,0.0,27.0,4.0,1.0,29.0,1.0,89.0,2.0,35.0,5.0,Northern Arizona,,2-15,,6-45,331.0,1.0,5.8,3.1
12-18,Big 12,0.0,28.0,1-1,1.0,1.0,401756851,,,,0.0,,,,15.0,138.0,1.0,,3.0,69,34:22,0.0,65.0,7.0,6.0,48.0,5.0,468.0,2.0,24.0,9.0,BYU,,6-10,1.0,5-55,606.0,1.0,7.7,9.8
10-20,Big Sky,0.0,3.0,0-0,1.0,1.0,401756851,,,,0.0,0.0,17.0,2.0,0.0,56.0,3.0,,0.0,0,25:38,,,,0.0,22.0,0.0,-3.0,0.0,32.0,0.0,Portland State,,1-13,2.0,4-20,53.0,1.0,2.8,-0.1
17-23,MVFC,,28.0,2-3,2.0,1.0,401767130,,0.0,0.0,0.0,0.0,46.0,2.0,8.0,190.0,,1.0,1.0,20,41:06,0.0,-5.0,2.0,,56.0,1.0,240.0,,,,South Dakota State,,5-15,2.0,5-50,430.0,2.0,8.3,4.3
11-27,Big Sky,,7.0,0-4,1.0,2.0,401767130,,,,1.0,0.0,46.0,2.0,3.0,107.0,,,0.0,3,18:54,,,,,24.0,0.0,24.0,,,,Sacramento State,,2-13,2.0,9-66,131.0,2.0,4.0,1.0
33-42,Big Ten,0.0,23.0,1-2,0.0,1.0,401752796,,0.0,0.0,0.0,0.0,33.0,2.0,8.0,243.0,5.0,1.0,2.0,20,39:30,0.0,3.0,2.0,1.0,35.0,0.0,113.0,0.0,20.0,2.0,Nebraska,,10-18,2.0,3-27,356.0,0.0,5.8,3.2
13-25,Big 12,0.0,16.0,2-2,1.0,0.0,401752796,,,,1.0,0.0,20.0,1.0,5.0,69.0,2.0,,0.0,17,20:30,,,,3.0,29.0,2.0,202.0,3.0,24.0,6.0,Cincinnati,,3-10,1.0,4-20,271.0,2.0,2.8,7.0
17-33,Southland,0.0,7.0,0-3,0.0,0.0,401756852,,,,2.0,0.0,23.0,1.0,,105.0,3.0,,0.0,0,25:11,0.0,27.0,2.0,3.0,25.0,0.0,39.0,1.0,40.0,8.0,Stephen F. Austin,,3-16,1.0,7-60,144.0,2.0,3.2,1.6
16-27,Big 12,0.0,18.0,0-1,0.0,0.0,401756852,,0.0,17.0,0.0,,,,9.0,152.0,7.0,2.0,3.0,27,34:49,0.0,18.0,3.0,4.0,46.0,0.0,191.0,2.0,33.0,5.0,Houston,,7-17,1.0,8-65,343.0,0.0,5.6,4.2
16-30,Conference USA,0.0,18.0,4-6,0.0,1.0,401756848,,,,1.0,0.0,40.0,2.0,4.0,157.0,2.0,,0.0,10,28:04,,,,1.0,39.0,1.0,165.0,2.0,44.0,5.0,Jacksonville State,,3-15,0.0,7-60,322.0,1.0,5.2,4.2
22-33,Big 12,0.0,23.0,2-2,1.0,0.0,401756848,,0.0,0.0,0.0,0.0,34.0,2.0,5.0,314.0,5.0,1.0,2.0,17,31:56,0.0,21.0,1.0,1.0,36.0,0.0,110.0,2.0,44.0,6.0,UCF,,7-15,3.0,9-80,424.0,1.0,9.5,3.1
27-36,SEC,1.0,28.0,0-0,0.0,2.0,401752668,,,,0.0,0.0,25.0,1.0,13.0,251.0,2.0,,5.0,55,34:27,0.0,45.0,3.0,2.0,38.0,1.0,200.0,0.0,25.0,7.0,Florida,,7-13,2.0,0-0,451.0,0.0,7.0,5.3
4-11,NEC,0.0,2.0,0-1,2.0,0.0,401752668,,,,0.0,,,,,49.0,1.0,,0.0,0,25:33,,,,1.0,32.0,0.0,37.0,1.0,43.0,9.0,Long Island University,,1-12,2.0,12-100,86.0,2.0,4.5,1.2
6-21,Southern,,10.0,1-1,0.0,,401767415,,,,0.0,0.0,158.0,5.0,1.0,56.0,,,0.0,15,25:47,,,,,30.0,0.0,86.0,,,,Wofford,,4-15,,6-40,142.0,0.0,2.7,2.9
27-50,MEAC,,23.0,1-3,0.0,,401767415,,,,0.0,0.0,14.0,1.0,10.0,299.0,,,1.0,16,34:13,0.0,2.0,2.0,,41.0,0.0,111.0,,,,South Carolina State,,12-23,,7-75,410.0,0.0,6.0,2.7
2-6,Southern,,8.0,1-2,1.0,0.0,401767509,,,,0.0,0.0,13.0,1.0,,22.0,,,0.0,0,23:57,,,,,41.0,0.0,104.0,,,,The Citadel,,2-12,1.0,0-0,126.0,1.0,3.7,2.5
16-22,MVFC,,25.0,1-1,0.0,1.0,401767509,,,,0.0,0.0,34.0,1.0,8.0,263.0,,,2.0,38,36:03,0.0,4.0,2.0,,47.0,3.0,256.0,,,,North Dakota State,,7-12,2.0,6-35,519.0,0.0,12.0,5.4
23-38,ACC,1.0,21.0,2-3,0.0,,401754520,,,,1.0,0.0,78.0,1.0,13.0,302.0,3.0,,5.0,61,24:37,1.0,143.0,6.0,5.0,27.0,2.0,158.0,4.0,31.0,10.0,Pittsburgh,,5-14,,3-35,460.0,1.0,7.9,5.9
17-27,NEC,0.0,8.0,0-0,0.0,,401754520,,0.0,0.0,0.0,,,,3.0,171.0,6.0,1.0,1.0,9,35:23,0.0,4.0,1.0,3.0,31.0,0.0,37.0,1.0,31.0,7.0,Duquesne,,2-15,,11-88,208.0,0.0,6.3,1.2
30-37,SEC,0.0,24.0,2-3,1.0,0.0,401752675,,,,1.0,0.0,15.0,1.0,5.0,392.0,5.0,,3.0,35,32:56,,,,3.0,32.0,2.0,103.0,2.0,23.0,5.0,Oklahoma,,4-10,1.0,6-35,495.0,2.0,10.6,3.2
10-20,MVFC,0.0,8.0,0-0,0.0,1.0,401752675,,0.0,0.0,0.0,0.0,12.0,1.0,3.0,34.0,0.0,1.0,0.0,3,27:04,0.0,6.0,1.0,2.0,26.0,0.0,117.0,1.0,31.0,4.0,Illinois State,,1-11,0.0,2-10,151.0,0.0,1.7,4.5
32-48,NEC,,20.0,2-4,2.0,,401767549,,,,2.0,0.0,84.0,4.0,1.0,311.0,,,2.0,15,34:14,0.0,6.0,1.0,,24.0,0.0,63.0,,,,Mercyhurst,,6-14,,3-25,374.0,4.0,6.5,2.6
14-21,MVFC,,16.0,2-3,0.0,2.0,401767549,,0.0,21.0,0.0,0.0,69.0,2.0,6.0,114.0,,2.0,0.0,24,25:46,0.0,10.0,1.0,,40.0,3.0,187.0,,,,Youngstown State,,4-12,0.0,8-78,301.0,0.0,5.4,4.7
28-47,Big Ten,1.0,22.0,0-2,0.0,,401752797,,1.0,31.0,0.0,0.0,37.0,2.0,13.0,268.0,6.0,6.0,3.0,39,29:34,0.0,5.0,2.0,5.0,30.0,0.0,112.0,3.0,64.0,8.0,Maryland,,5-17,,14-100,380.0,0.0,5.7,3.7
36-62,American Athletic,0.0,23.0,3-9,0.0,,401752797,,,,6.0,0.0,140.0,6.0,1.0,277.0,6.0,,1.0,7,30:26,,,,1.0,32.0,0.0,77.0,0.0,41.0,5.5,Florida Atlantic,,7-20,,7-77,354.0,6.0,4.5,2.4
23-36,SEC,1.0,17.0,1-1,0.0,,401752678,,,,0.0,0.0,67.0,2.0,6.0,291.0,3.0,,4.0,42,26:19,1.0,142.0,5.0,2.0,23.0,1.0,108.0,1.0,35.0,9.0,Texas A&M,,3-11,,7-50,399.0,0.0,8.1,4.7
21-34,American Athletic,0.0,17.0,1-1,0.0,0.0,401752678,,,,0.0,0.0,20.0,1.0,6.0,170.0,2.0,,1.0,24,33:41,0.0,2.0,1.0,2.0,33.0,2.0,203.0,0.0,31.0,2.0,UTSA,,5-16,2.0,4-34,373.0,0.0,5.0,6.2
20-33,CAA,0.0,16.0,0-2,0.0,0.0,401757223,,0.0,-1.0,1.0,,,,3.0,187.0,4.0,1.0,0.0,3,31:18,0.0,13.0,1.0,5.0,35.0,0.0,68.0,2.0,32.0,6.0,Bryant,,6-18,1.0,11-99,255.0,1.0,5.7,1.9
14-31,Conference USA,0.0,19.0,0-0,0.0,0.0,401757223,,0.0,13.0,1.0,0.0,36.0,2.0,7.0,227.0,4.0,1.0,1.0,19,28:10,0.0,5.0,1.0,11.0,32.0,1.0,78.0,3.0,45.0,7.0,New Mexico State,,4-16,1.0,8-80,305.0,1.0,7.3,2.4
19-23,Mountain West,1.0,20.0,1-1,0.0,0.0,401757224,,1.0,52.0,1.0,0.0,30.0,1.0,8.0,249.0,2.0,1.0,2.0,38,29:42,0.0,4.0,1.0,2.0,33.0,2.0,155.0,4.0,50.0,7.0,UNLV,,5-9,2.0,8-92,404.0,1.0,10.8,4.7
19-35,Conference USA,0.0,20.0,3-6,0.0,0.0,401757224,,0.0,0.0,1.0,0.0,96.0,4.0,1.0,187.0,2.0,1.0,1.0,21,30:18,0.0,0.0,1.0,0.0,35.0,2.0,145.0,1.0,38.0,5.0,Sam Houston,,1-12,1.0,5-48,332.0,1.0,5.3,4.1
22-30,ACC,2.0,25.0,1-2,2.0,1.0,401754521,,2.0,105.0,1.0,,,,6.0,260.0,8.0,2.0,2.0,42,21:01,0.0,48.0,2.0,5.0,33.0,2.0,140.0,3.0,41.0,6.0,SMU,,4-10,2.0,8-84,400.0,3.0,8.7,4.2
20-43,Southland,0.0,17.0,3-3,1.0,2.0,401754521,,0.0,0.0,2.0,0.0,64.0,4.0,7.0,244.0,3.0,1.0,0.0,13,38:59,,,,0.0,35.0,1.0,107.0,2.0,38.0,8.0,East Texas A&M,,6-20,1.0,11-80,351.0,3.0,5.7,3.1
7-27,,,2.0,1-4,0.0,1.0,401767468,,0.0,0.0,2.0,0.0,52.0,5.0,,62.0,,1.0,0.0,0,26:05,,,,,26.0,0.0,50.0,,,,Little Rock,,0-16,2.0,12-70,112.0,2.0,2.3,1.9
14-21,Southland,,31.0,0-1,1.0,0.0,401767468,,0.0,0.0,1.0,0.0,9.0,1.0,9.0,129.0,,2.0,2.0,69,33:55,0.0,-5.0,2.0,,55.0,8.0,402.0,,,,Houston Christian,,7-11,2.0,5-40,531.0,2.0,6.1,7.3
21-36,Southland,,14.0,0-0,1.0,2.0,401767476,,1.0,40.0,0.0,,,,8.0,221.0,,3.0,1.0,20,30:31,0.0,31.0,3.0,,29.0,0.0,66.0,,,,Nicholls,,5-17,0.0,3-25,287.0,1.0,6.1,2.3
24-36,Southland,,15.0,2-3,1.0,1.0,401767476,,,,3.0,0.0,46.0,3.0,6.0,188.0,,,0.0,6,29:29,0.0,12.0,3.0,,33.0,0.0,16.0,,,,Incarnate Word,,3-16,3.0,9-55,204.0,4.0,5.2,0.5
19-35,UAC,,18.0,1-2,0.0,3.0,401767298,,,,2.0,0.0,92.0,1.0,10.0,231.0,,,0.0,34,32:11,,,,,34.0,2.0,180.0,,,,West Georgia,,6-16,0.0,6-53,411.0,2.0,6.6,5.3
32-44,Southern,,16.0,0-3,3.0,0.0,401767298,,0.0,8.0,0.0,0.0,74.0,4.0,3.0,247.0,,2.0,0.0,3,27:49,0.0,2.0,2.0,,28.0,0.0,24.0,,,,Samford,,5-17,5.0,6-43,271.0,3.0,5.6,0.9
9-28,,,10.0,2-3,0.0,1.0,401767490,,,,1.0,0.0,135.0,7.0,3.0,122.0,,,0.0,9,22:03,,,,,32.0,1.0,49.0,,,,Louisiana College,,3-15,0.0,7-63,171.0,1.0,4.4,1.5
25-34,Southland,,39.0,0-1,1.0,0.0,401767490,,0.0,-7.0,0.0,0.0,62.0,2.0,10.0,359.0,,1.0,3.0,54,37:57,0.0,8.0,5.0,,42.0,4.0,313.0,,,,McNeese,,5-9,3.0,7-80,672.0,1.0,10.6,7.5
27-40,Mountain West,0.0,20.0,0-1,1.0,0.0,401754516,,0.0,0.0,0.0,0.0,21.0,1.0,11.0,210.0,5.0,1.0,2.0,23,23:53,0.0,13.0,1.0,6.0,24.0,0.0,96.0,1.0,45.0,2.0,Hawai'i,,3-10,1.0,8-70,306.0,1.0,5.3,4.0
15-30,ACC,0.0,21.0,2-2,0.0,1.0,401754516,,,,1.0,0.0,47.0,3.0,8.0,109.0,1.0,,0.0,20,36:07,0.0,4.0,1.0,2.0,43.0,1.0,177.0,4.0,43.0,5.0,Stanford,,8-17,0.0,7-70,286.0,1.0,3.6,4.1
23-43,SEC,0.0,18.0,2-5,0.0,1.0,401752665,,,,0.0,,,,5.0,254.0,0.0,,2.0,17,29:38,,,,2.0,29.0,0.0,87.0,1.0,32.0,3.0,Alabama,,6-17,1.0,8-70,341.0,0.0,5.9,3.0
9-14,ACC,0.0,20.0,2-2,1.0,0.0,401752665,,,,0.0,0.0,15.0,1.0,7.0,152.0,5.0,,0.0,31,30:22,0.0,3.0,1.0,5.0,49.0,4.0,230.0,3.0,29.0,7.0,Florida State,,5-12,2.0,4-40,382.0,1.0,10.9,4.7
17-29,Big 12,0.0,19.0,1-1,0.0,2.0,401754375,,0.0,0.0,0.0,,,,8.0,159.0,2.0,1.0,1.0,20,27:37,0.0,11.0,1.0,2.0,31.0,1.0,146.0,1.0,45.0,3.0,Colorado,,5-13,0.0,5-45,305.0,0.0,5.5,4.7
13-21,ACC,0.0,27.0,1-1,2.0,0.0,401754375,,,,1.0,,,,9.0,143.0,2.0,,0.0,27,32:23,0.0,19.0,2.0,1.0,47.0,3.0,320.0,1.0,38.0,6.0,Georgia Tech,,6-11,2.0,8-65,463.0,3.0,6.8,6.8
12-33,Conference USA,0.0,18.0,0-2,0.0,0.0,401754374,,,,0.0,,,,3.0,149.0,2.0,,0.0,9,24:59,,,,2.0,43.0,1.0,158.0,4.0,37.0,7.0,Kennesaw State,,9-19,1.0,9-68,307.0,0.0,4.5,3.7
20-28,ACC,0.0,20.0,1-2,0.0,,401754374,,,,0.0,0.0,47.0,2.0,4.0,218.0,5.0,,0.0,10,35:01,,,,6.0,47.0,1.0,130.0,2.0,35.0,3.0,Wake Forest,,6-17,,8-75,348.0,0.0,7.8,2.8
16-28,SEC,0.0,22.0,0-0,1.0,1.0,401752676,,0.0,0.0,0.0,0.0,24.0,1.0,9.0,247.0,10.0,1.0,3.0,45,25:29,0.0,2.0,1.0,0.0,40.0,2.0,246.0,5.0,48.0,7.0,Tennessee,,7-12,1.0,7-65,493.0,1.0,8.8,6.2
23-40,ACC,0.0,24.0,3-4,1.0,1.0,401752676,,,,1.0,,,,2.0,274.0,4.0,,1.0,26,34:31,,,,0.0,44.0,3.0,103.0,0.0,44.0,3.0,Syracuse,,5-14,2.0,4-30,377.0,2.0,6.9,2.3
29-39,SEC,0.0,25.0,0-1,2.0,0.0,401752671,,0.0,0.0,0.0,,,,5.0,248.0,6.0,1.0,1.0,17,37:10,0.0,18.0,1.0,5.0,31.0,1.0,108.0,2.0,31.0,4.0,LSU,,4-11,2.0,6-45,354.0,2.0,6.4,3.5
19-38,ACC,0.0,13.0,2-4,0.0,2.0,401752671,,,,1.0,,,,4.0,230.0,5.0,,0.0,10,22:50,0.0,16.0,1.0,2.0,20.0,1.0,31.0,1.0,38.0,8.0,Clemson,,3-13,0.0,6-57,261.0,1.0,6.1,1.6
12-19,SEC,1.0,16.0,1-1,0.0,0.0,401752680,,0.0,25.0,0.0,,,,6.0,209.0,3.0,2.0,1.0,24,25:43,1.0,80.0,3.0,0.0,34.0,1.0,125.0,2.0,41.0,4.0,South Carolina,,4-12,2.0,8-51,334.0,0.0,11.0,3.7
15-35,ACC,0.0,19.0,0-1,0.0,,401752680,,,,2.0,0.0,62.0,4.0,9.0,221.0,1.0,,0.0,11,34:17,0.0,5.0,2.0,0.0,37.0,0.0,115.0,4.0,32.0,7.0,Virginia Tech,,8-18,,4-40,336.0,2.0,6.3,3.1
26-47,Mountain West,0.0,21.0,1-2,2.0,0.0,401756849,,,,3.0,,,,6.0,223.0,1.0,,0.0,6,35:44,,,,1.0,28.0,0.0,70.0,2.0,31.0,5.0,Hawai'i,,4-14,2.0,7-65,293.0,5.0,4.7,2.5
13-23,Big 12,0.0,16.0,2-2,0.0,2.0,401756849,,0.0,35.0,0.0,,,,10.0,161.0,5.0,3.0,1.0,40,24:16,0.0,53.0,2.0,8.0,32.0,4.0,185.0,5.0,30.0,10.0,Arizona,,3-11,1.0,8-54,346.0,0.0,7.0,5.8
11-22,Big Ten,0.0,14.0,3-4,0.0,,401752800,,,,1.0,0.0,37.0,2.0,4.0,136.0,1.0,,1.0,10,22:32,,,,2.0,28.0,0.0,84.0,0.0,46.0,2.0,UCLA,,2-11,,3-30,220.0,1.0,6.2,3.0
21-26,Big 12,0.0,30.0,1-1,0.0,0.0,401752800,,0.0,20.0,0.0,0.0,19.0,3.0,7.0,206.0,1.0,1.0,2.0,43,37:28,,,,0.0,54.0,4.0,286.0,4.0,28.0,5.0,Utah,,14-16,2.0,3-15,492.0,0.0,7.9,5.3
16-33,Mid-American,1.0,10.0,0-3,0.0,1.0,401752802,,1.0,32.0,1.0,0.0,37.0,2.0,0.0,188.0,0.0,1.0,0.0,6,23:13,0.0,10.0,3.0,2.0,24.0,0.0,29.0,4.0,38.0,10.0,Western Michigan,,4-14,3.0,5-21,217.0,1.0,5.7,1.2
17-24,Big Ten,0.0,20.0,1-1,1.0,0.0,401752802,,0.0,0.0,1.0,0.0,22.0,1.0,3.0,155.0,4.0,1.0,1.0,23,36:47,0.0,20.0,1.0,8.0,44.0,2.0,181.0,4.0,25.0,12.0,Michigan State,,4-13,2.0,5-35,336.0,2.0,6.5,4.1
32-48,Mountain West,0.0,21.0,2-4,0.0,1.0,401752808,,,,3.0,0.0,57.0,4.0,5.0,217.0,2.0,,2.0,17,33:02,0.0,0.0,1.0,0.0,28.0,0.0,50.0,2.0,40.0,3.0,New Mexico,,5-14,0.0,1-5,267.0,3.0,4.5,1.8
21-31,Big Ten,0.0,20.0,0-1,1.0,0.0,401752808,,0.0,0.0,0.0,0.0,69.0,3.0,10.0,251.0,4.0,3.0,1.0,34,26:58,0.0,2.0,2.0,7.0,32.0,3.0,201.0,3.0,47.0,9.0,Michigan,,6-13,2.0,8-65,452.0,1.0,8.1,6.3
12-20,Mid-American,0.0,8.0,1-1,1.0,0.0,401752793,,0.0,54.0,0.0,0.0,18.0,1.0,4.0,107.0,4.0,1.0,1.0,10,21:32,0.0,0.0,1.0,2.0,24.0,0.0,44.0,2.0,27.0,3.0,Buffalo,,1-11,1.0,4-45,151.0,1.0,5.4,1.8
19-35,Big Ten,0.0,27.0,1-2,0.0,1.0,401752793,,,,1.0,0.0,8.0,1.0,11.0,290.0,4.0,,2.0,23,38:28,0.0,18.0,1.0,1.0,44.0,0.0,153.0,2.0,22.0,7.0,Minnesota,,9-16,0.0,2-10,443.0,1.0,8.3,3.5
21-31,Mid-American,0.0,24.0,1-1,0.0,,401752794,,,,0.0,0.0,30.0,3.0,7.0,239.0,1.0,,3.0,31,28:15,,,,2.0,31.0,1.0,201.0,1.0,30.0,5.0,Ohio,,5-10,,6-37,440.0,0.0,7.7,6.5
18-23,Big Ten,1.0,24.0,5-5,0.0,,401752794,,,,0.0,0.0,41.0,2.0,10.0,252.0,3.0,,2.0,34,31:45,1.0,23.0,2.0,4.0,37.0,1.0,147.0,0.0,26.0,4.0,Rutgers,,1-10,,5-35,399.0,0.0,11.0,4.0
17-30,SEC,0.0,16.0,1-5,0.0,,401752677,,,,1.0,0.0,15.0,1.0,1.0,170.0,2.0,,1.0,7,27:55,0.0,3.0,1.0,2.0,37.0,0.0,166.0,0.0,21.0,1.0,Texas,,5-14,,6-50,336.0,1.0,5.7,4.5
13-20,Big Ten,0.0,11.0,1-2,0.0,,401752677,,0.0,5.0,0.0,,,,2.0,126.0,1.0,1.0,1.0,14,32:05,,,,0.0,34.0,1.0,77.0,1.0,28.0,1.0,Ohio State,,3-12,,2-15,203.0,0.0,6.3,2.3
11-21,Mountain West,0.0,13.0,1-2,2.0,0.0,401752807,,,,1.0,0.0,85.0,4.0,3.0,125.0,1.0,,1.0,11,26:20,,,,0.0,31.0,0.0,78.0,1.0,47.0,6.0,Nevada,,4-11,2.0,3-14,203.0,3.0,6.0,2.5
29-35,Big Ten,0.0,25.0,2-3,0.0,2.0,401752807,,0.0,14.0,0.0,0.0,88.0,2.0,16.0,303.0,2.0,1.0,1.0,46,33:40,0.0,8.0,3.0,4.0,36.0,4.0,135.0,3.0,35.0,9.0,Penn State,,6-13,1.0,5-45,438.0,0.0,8.7,3.8
17-33,Mountain West,0.0,17.0,3-5,0.0,1.0,401752805,,,,1.0,0.0,95.0,4.0,3.0,180.0,3.0,,1.0,21,23:16,,,,0.0,27.0,2.0,85.0,3.0,47.0,5.0,Colorado State,,3-13,1.0,5-20,265.0,1.0,5.5,3.1
18-24,Big Ten,0.0,26.0,1-1,1.0,0.0,401752805,,0.0,0.0,0.0,0.0,113.0,4.0,8.0,226.0,3.0,1.0,1.0,38,36:44,0.0,11.0,2.0,0.0,51.0,4.0,283.0,2.0,37.0,6.0,Washington,,8-14,1.0,6-34,509.0,1.0,9.4,5.5
9-18,Mid-American,0.0,7.0,0-0,0.0,,401762791,,0.0,0.0,2.0,,,,,83.0,5.0,1.0,0.0,0,20:47,0.0,16.0,1.0,2.0,22.0,0.0,34.0,3.0,50.0,4.0,Miami (OH),,0-9,,5-60,117.0,2.0,4.6,1.5
18-32,Big Ten,0.0,23.0,1-2,0.0,,401762791,,0.0,17.0,1.0,,,,5.0,188.0,2.0,2.0,1.0,17,39:13,,,,2.0,43.0,1.0,165.0,3.0,25.0,4.0,Wisconsin,,8-16,,5-40,353.0,1.0,5.9,3.8
14-29,Big South-OVC,0.0,11.0,0-2,1.0,0.0,401752795,,,,0.0,,,,3.0,134.0,0.0,,0.0,3,27:18,,,,0.0,26.0,0.0,29.0,3.0,32.0,5.0,Western Illinois,,5-14,1.0,8-59,163.0,1.0,4.6,1.1
18-22,Big Ten,1.0,21.0,2-2,0.0,1.0,401752795,,,,0.0,,,,10.0,231.0,2.0,,3.0,52,32:42,1.0,133.0,4.0,4.0,37.0,3.0,209.0,4.0,34.0,8.0,Illinois,,4-9,0.0,5-60,440.0,0.0,10.5,5.6
10-16,Mid-American,0.0,13.0,1-2,0.0,,401752801,,,,0.0,0.0,34.0,2.0,0.0,87.0,3.0,,0.0,0,33:40,0.0,-3.0,1.0,0.0,36.0,0.0,116.0,1.0,39.0,5.0,Ball State,,4-13,,3-18,203.0,0.0,5.4,3.2
20-29,Big Ten,0.0,23.0,2-2,0.0,0.0,401752801,,,,0.0,0.0,20.0,1.0,7.0,340.0,1.0,,2.0,31,26:20,0.0,7.0,2.0,1.0,30.0,2.0,93.0,4.0,42.0,7.0,Purdue,,4-11,1.0,3-25,433.0,0.0,11.7,3.1
19-36,Mountain West,0.0,19.0,1-3,0.0,,401762789,,0.0,18.0,1.0,,,,4.0,260.0,4.0,1.0,1.0,10,33:16,0.0,11.0,2.0,3.0,39.0,0.0,166.0,3.0,30.0,3.0,Wyoming,,9-20,,7-40,426.0,1.0,7.2,4.3
16-38,Mid-American,0.0,13.0,2-3,0.0,,401762789,,0.0,0.0,1.0,0.0,48.0,2.0,0.0,139.0,6.0,1.0,0.0,0,26:44,,,,2.0,28.0,0.0,89.0,0.0,35.0,6.0,Akron,,3-15,,5-34,228.0,1.0,3.7,3.2
24-43,Mountain West,0.0,19.0,0-0,1.0,0.0,401760358,,,,2.0,0.0,66.0,4.0,2.0,308.0,3.0,,2.0,14,26:15,,,,1.0,24.0,0.0,75.0,0.0,37.0,3.0,San Jos√© State,,8-16,1.0,4-39,383.0,3.0,7.2,3.1
8-13,Mid-American,0.0,20.0,1-2,0.0,1.0,401760358,,0.0,0.0,0.0,,,,10.0,115.0,5.0,2.0,0.0,16,33:45,,,,3.0,50.0,1.0,247.0,1.0,34.0,3.0,Central Michigan,,2-13,0.0,7-33,362.0,0.0,8.8,4.9
15-31,FCS Independents,0.0,17.0,0-1,0.0,1.0,401762792,,,,0.0,0.0,6.0,1.0,9.0,176.0,2.0,,1.0,17,31:31,0.0,-1.0,1.0,2.0,35.0,0.0,164.0,3.0,29.0,5.0,Merrimack,,3-14,1.0,11-115,340.0,0.0,5.7,4.7
12-19,Mid-American,1.0,15.0,0-1,1.0,0.0,401762792,,,,0.0,1.0,117.0,3.0,3.0,209.0,2.0,,2.0,21,28:29,0.0,30.0,3.0,9.0,36.0,0.0,99.0,2.0,24.0,5.0,Kent State,,5-14,1.0,8-65,308.0,1.0,11.0,2.8
10-23,SEC,0.0,17.0,0-0,1.0,0.0,401752670,,0.0,0.0,1.0,0.0,43.0,2.0,6.0,85.0,0.0,1.0,0.0,24,31:41,0.0,-3.0,2.0,5.0,43.0,3.0,220.0,3.0,35.0,6.0,Kentucky,,8-15,2.0,3-30,305.0,2.0,3.7,5.1
23-40,Mid-American,0.0,17.0,1-4,0.0,1.0,401752670,,0.0,0.0,1.0,0.0,45.0,2.0,2.0,270.0,3.0,1.0,1.0,16,28:19,0.0,2.0,2.0,4.0,29.0,1.0,59.0,0.0,35.0,4.0,Toledo,,7-17,2.0,11-93,329.0,1.0,6.8,2.0
