team,firstDowns,firstDownsOpponent,fourthDownConversions,fourthDownConversionsOpponent,fourthDowns,fourthDownsOpponent,fumblesLost,fumblesLostOpponent,fumblesRecovered,fumblesRecoveredOpponent,games,interceptionTDs,interceptionTDsOpponent,interceptionYards,interceptionYardsOpponent,interceptions,interceptionsOpponent,kickReturnTDs,kickReturnTDsOpponent,kickReturnYards,kickReturnYardsOpponent,kickReturns,kickReturnsOpponent,netPassingYards,netPassingYardsOpponent,passAttempts,passAttemptsOpponent,passCompletions,passCompletionsOpponent,passesIntercepted,passesInterceptedOpponent,passingTDs,passingTDsOpponent,penalties,penaltiesOpponent,penaltyYards,penaltyYardsOpponent,possessionTime,possessionTimeOpponent,puntReturnTDs,puntReturnTDsOpponent,puntReturnYards,puntReturnYardsOpponent,puntReturns,puntReturnsOpponent,rushingAttempts,rushingAttemptsOpponent,rushingTDs,rushingTDsOpponent,rushingYards,rushingYardsOpponent,sacks,sacksOpponent,tacklesForLoss,tacklesForLossOpponent,thirdDownConversions,thirdDownConversionsOpponent,thirdDowns,thirdDownsOpponent,totalYards,totalYardsOpponent,turnovers,turnoversOpponent
Air Force,142.0,131.0,12.0,3.0,16.0,6.0,3.0,2.0,2.0,3.0,6.0,0.0,0.0,3.0,55.0,4.0,2.0,0.0,0.0,96.0,218.0,5.0,13.0,1286.0,1939.0,102.0,179.0,62.0,125.0,2.0,4.0,10.0,13.0,30.0,44.0,274.0,330.0,11884.0,9716.0,0.0,0.0,7.0,27.0,1.0,5.0,311.0,184.0,21.0,17.0,1657.0,1054.0,9.0,8.0,22.0,23.0,36.0,38.0,70.0,71.0,2943.0,2993.0,7.0,4.0
Akron,121.0,156.0,7.0,3.0,14.0,11.0,2.0,2.0,2.0,2.0,7.0,1.0,0.0,71.0,31.0,4.0,5.0,0.0,1.0,488.0,349.0,23.0,16.0,1277.0,1779.0,223.0,220.0,115.0,138.0,5.0,4.0,9.0,11.0,38.0,39.0,283.0,327.0,12013.0,13187.0,0.0,0.0,32.0,175.0,4.0,15.0,235.0,259.0,4.0,13.0,928.0,1299.0,11.0,16.0,39.0,42.0,32.0,37.0,100.0,90.0,2205.0,3078.0,6.0,7.0
Alabama,141.0,92.0,10.0,5.0,16.0,9.0,1.0,5.0,5.0,1.0,6.0,0.0,0.0,20.0,0.0,1.0,6.0,0.0,1.0,101.0,228.0,6.0,12.0,1827.0,819.0,207.0,132.0,147.0,80.0,6.0,1.0,20.0,5.0,32.0,29.0,258.0,311.0,12260.0,9340.0,0.0,0.0,81.0,11.0,7.0,2.0,206.0,194.0,6.0,8.0,760.0,941.0,9.0,13.0,29.0,27.0,43.0,25.0,86.0,66.0,2587.0,1760.0,2.0,11.0
App State,129.0,122.0,7.0,6.0,12.0,14.0,5.0,2.0,2.0,5.0,6.0,0.0,3.0,39.0,171.0,7.0,7.0,0.0,0.0,216.0,124.0,11.0,7.0,1666.0,1620.0,230.0,236.0,131.0,142.0,7.0,7.0,12.0,12.0,45.0,30.0,416.0,270.0,10646.0,10947.0,0.0,0.0,99.0,7.0,14.0,4.0,207.0,179.0,7.0,5.0,875.0,513.0,15.0,15.0,47.0,27.0,30.0,33.0,86.0,88.0,2541.0,2133.0,12.0,9.0
Arizona,139.0,90.0,10.0,6.0,15.0,14.0,2.0,4.0,4.0,2.0,6.0,1.0,1.0,102.0,143.0,6.0,9.0,0.0,0.0,102.0,19.0,6.0,1.0,1650.0,908.0,221.0,179.0,137.0,89.0,9.0,6.0,15.0,1.0,34.0,26.0,278.0,255.0,11068.0,10532.0,0.0,0.0,125.0,75.0,13.0,6.0,205.0,211.0,7.0,10.0,887.0,750.0,14.0,14.0,47.0,30.0,29.0,26.0,81.0,86.0,2537.0,1658.0,8.0,13.0
Arizona State,139.0,114.0,13.0,11.0,20.0,18.0,1.0,5.0,5.0,1.0,6.0,0.0,0.0,11.0,10.0,3.0,4.0,0.0,0.0,142.0,255.0,9.0,12.0,1163.0,1350.0,196.0,196.0,117.0,124.0,4.0,3.0,8.0,8.0,46.0,32.0,365.0,318.0,12343.0,9257.0,0.0,0.0,31.0,113.0,2.0,8.0,243.0,188.0,9.0,11.0,1223.0,672.0,19.0,17.0,43.0,36.0,27.0,27.0,87.0,77.0,2386.0,2022.0,4.0,9.0
Arkansas,155.0,140.0,2.0,2.0,5.0,5.0,6.0,2.0,2.0,6.0,6.0,0.0,0.0,59.0,23.0,5.0,4.0,0.0,1.0,119.0,151.0,5.0,4.0,1760.0,1506.0,197.0,183.0,124.0,114.0,4.0,5.0,15.0,9.0,32.0,39.0,287.0,301.0,10796.0,10804.0,0.0,0.0,42.0,28.0,11.0,4.0,211.0,225.0,14.0,14.0,1312.0,1119.0,11.0,11.0,34.0,25.0,40.0,33.0,70.0,75.0,3072.0,2625.0,11.0,6.0
Arkansas State,151.0,154.0,10.0,4.0,17.0,7.0,3.0,4.0,5.0,3.0,7.0,1.0,0.0,50.0,43.0,5.0,4.0,1.0,0.0,409.0,63.0,19.0,4.0,1670.0,1679.0,268.0,198.0,177.0,137.0,4.0,5.0,9.0,11.0,49.0,58.0,435.0,516.0,13167.0,12033.0,0.0,0.0,93.0,61.0,16.0,8.0,239.0,256.0,7.0,17.0,877.0,1481.0,9.0,19.0,28.0,51.0,40.0,39.0,106.0,85.0,2547.0,3160.0,8.0,8.0
Army,119.0,105.0,19.0,9.0,30.0,19.0,5.0,4.0,4.0,5.0,6.0,0.0,0.0,31.0,69.0,3.0,3.0,0.0,1.0,37.0,350.0,3.0,15.0,474.0,1193.0,64.0,181.0,32.0,112.0,3.0,3.0,3.0,7.0,19.0,33.0,144.0,246.0,13071.0,8529.0,0.0,0.0,78.0,5.0,7.0,2.0,381.0,198.0,16.0,10.0,1697.0,846.0,6.0,3.0,24.0,29.0,39.0,33.0,96.0,79.0,2171.0,2039.0,8.0,7.0
Auburn,116.0,107.0,7.0,10.0,13.0,15.0,2.0,3.0,3.0,2.0,6.0,0.0,0.0,74.0,0.0,0.0,2.0,1.0,0.0,237.0,176.0,8.0,8.0,1003.0,1355.0,171.0,186.0,108.0,118.0,2.0,0.0,5.0,6.0,55.0,46.0,448.0,425.0,10972.0,10628.0,0.0,0.0,44.0,34.0,10.0,5.0,219.0,199.0,13.0,4.0,986.0,522.0,18.0,22.0,44.0,35.0,29.0,24.0,79.0,85.0,1989.0,1877.0,2.0,5.0
BYU,140.0,97.0,10.0,7.0,14.0,15.0,3.0,2.0,2.0,3.0,6.0,1.0,0.0,117.0,19.0,3.0,8.0,0.0,0.0,221.0,157.0,8.0,10.0,1261.0,956.0,154.0,173.0,96.0,98.0,8.0,3.0,8.0,4.0,40.0,34.0,334.0,262.0,11969.0,9631.0,0.0,0.0,184.0,-5.0,16.0,2.0,249.0,198.0,17.0,6.0,1439.0,628.0,10.0,4.0,34.0,26.0,33.0,23.0,77.0,82.0,2700.0,1584.0,6.0,10.0
Ball State,84.0,132.0,5.0,10.0,8.0,14.0,4.0,2.0,2.0,4.0,6.0,0.0,0.0,6.0,-3.0,2.0,1.0,0.0,0.0,257.0,281.0,16.0,14.0,744.0,1481.0,128.0,195.0,77.0,131.0,1.0,2.0,5.0,11.0,26.0,31.0,209.0,292.0,10188.0,11412.0,0.0,1.0,4.0,112.0,5.0,14.0,211.0,211.0,5.0,13.0,789.0,1065.0,14.0,20.0,33.0,50.0,26.0,38.0,82.0,83.0,1533.0,2546.0,6.0,3.0
Baylor,156.0,136.0,11.0,4.0,21.0,7.0,6.0,1.0,1.0,6.0,6.0,1.0,0.0,66.0,22.0,4.0,5.0,0.0,1.0,407.0,280.0,19.0,12.0,2092.0,1354.0,255.0,187.0,163.0,118.0,5.0,4.0,19.0,8.0,38.0,37.0,384.0,391.0,10265.0,11335.0,0.0,0.0,45.0,18.0,8.0,6.0,197.0,243.0,8.0,12.0,873.0,1065.0,7.0,10.0,27.0,27.0,32.0,34.0,81.0,86.0,2965.0,2419.0,10.0,6.0
Boise State,145.0,91.0,11.0,7.0,20.0,14.0,3.0,3.0,3.0,3.0,6.0,2.0,0.0,111.0,28.0,5.0,7.0,0.0,1.0,129.0,150.0,9.0,4.0,1647.0,1113.0,211.0,163.0,129.0,91.0,7.0,5.0,12.0,8.0,51.0,48.0,436.0,415.0,12176.0,9424.0,0.0,0.0,30.0,71.0,5.0,4.0,236.0,193.0,13.0,11.0,1150.0,875.0,13.0,11.0,35.0,35.0,42.0,29.0,91.0,81.0,2797.0,1988.0,8.0,10.0
Boston College,116.0,131.0,4.0,8.0,9.0,13.0,6.0,2.0,2.0,6.0,6.0,1.0,1.0,59.0,43.0,5.0,4.0,0.0,0.0,231.0,296.0,13.0,13.0,1703.0,1432.0,224.0,202.0,145.0,129.0,4.0,5.0,11.0,12.0,37.0,34.0,310.0,281.0,9649.0,11951.0,0.0,0.0,110.0,2.0,10.0,8.0,163.0,218.0,9.0,11.0,511.0,907.0,11.0,12.0,29.0,28.0,33.0,34.0,77.0,83.0,2214.0,2339.0,11.0,6.0
Bowling Green,100.0,113.0,2.0,4.0,6.0,11.0,1.0,7.0,7.0,1.0,6.0,0.0,1.0,4.0,113.0,6.0,4.0,1.0,0.0,437.0,252.0,14.0,14.0,995.0,1430.0,154.0,166.0,97.0,106.0,4.0,6.0,7.0,8.0,39.0,38.0,318.0,334.0,10991.0,10609.0,0.0,1.0,69.0,131.0,9.0,6.0,214.0,204.0,6.0,9.0,844.0,832.0,14.0,12.0,38.0,35.0,28.0,21.0,83.0,67.0,1839.0,2262.0,7.0,11.0
Buffalo,116.0,118.0,6.0,10.0,14.0,15.0,3.0,3.0,4.0,3.0,6.0,0.0,0.0,66.0,6.0,3.0,2.0,0.0,0.0,128.0,147.0,7.0,9.0,1108.0,1209.0,178.0,197.0,101.0,116.0,2.0,3.0,9.0,8.0,26.0,29.0,240.0,222.0,9922.0,11678.0,0.0,0.0,129.0,55.0,14.0,10.0,223.0,240.0,10.0,8.0,1007.0,863.0,16.0,4.0,37.0,28.0,34.0,44.0,87.0,105.0,2115.0,2072.0,6.0,5.0
California,116.0,110.0,6.0,4.0,13.0,7.0,2.0,2.0,2.0,2.0,6.0,0.0,1.0,93.0,152.0,8.0,5.0,0.0,0.0,200.0,375.0,9.0,18.0,1522.0,1244.0,215.0,187.0,132.0,119.0,5.0,8.0,10.0,4.0,44.0,50.0,340.0,427.0,10904.0,10696.0,0.0,0.0,156.0,39.0,14.0,7.0,186.0,175.0,8.0,11.0,591.0,737.0,9.0,14.0,28.0,34.0,31.0,25.0,78.0,72.0,2113.0,1981.0,10.0,7.0
Central Michigan,107.0,121.0,9.0,3.0,14.0,6.0,4.0,2.0,2.0,4.0,6.0,1.0,0.0,48.0,0.0,1.0,7.0,0.0,0.0,122.0,316.0,9.0,16.0,901.0,1354.0,120.0,179.0,82.0,113.0,7.0,1.0,7.0,11.0,38.0,30.0,297.0,293.0,11592.0,9970.0,0.0,0.0,63.0,39.0,5.0,6.0,257.0,200.0,7.0,11.0,1152.0,953.0,8.0,12.0,19.0,37.0,27.0,40.0,81.0,79.0,2053.0,2307.0,5.0,9.0
Charlotte,113.0,148.0,6.0,8.0,11.0,14.0,7.0,4.0,4.0,7.0,6.0,0.0,0.0,61.0,67.0,6.0,2.0,0.0,0.0,184.0,46.0,8.0,4.0,1292.0,1341.0,195.0,177.0,119.0,117.0,2.0,6.0,8.0,13.0,41.0,35.0,344.0,375.0,10180.0,11420.0,0.0,0.0,83.0,47.0,6.0,10.0,193.0,265.0,4.0,12.0,552.0,1345.0,5.0,11.0,25.0,33.0,36.0,39.0,86.0,85.0,1844.0,2686.0,13.0,6.0
Cincinnati,123.0,131.0,7.0,12.0,9.0,21.0,3.0,3.0,3.0,3.0,6.0,0.0,0.0,0.0,0.0,1.0,0.0,0.0,0.0,152.0,168.0,6.0,10.0,1557.0,1531.0,161.0,220.0,105.0,149.0,0.0,1.0,16.0,9.0,44.0,35.0,413.0,258.0,8640.0,12960.0,0.0,0.0,27.0,5.0,7.0,5.0,181.0,210.0,11.0,4.0,1145.0,774.0,15.0,1.0,32.0,20.0,20.0,30.0,57.0,89.0,2702.0,2305.0,4.0,3.0
Clemson,127.0,117.0,10.0,4.0,19.0,12.0,5.0,3.0,3.0,5.0,6.0,0.0,1.0,13.0,94.0,6.0,4.0,0.0,0.0,161.0,89.0,8.0,4.0,1673.0,1309.0,220.0,208.0,142.0,130.0,4.0,6.0,12.0,5.0,29.0,37.0,300.0,325.0,10610.0,10990.0,0.0,0.0,58.0,18.0,9.0,4.0,182.0,192.0,8.0,6.0,780.0,632.0,15.0,7.0,39.0,23.0,28.0,25.0,74.0,77.0,2453.0,1939.0,11.0,7.0
Coastal Carolina,101.0,127.0,4.0,5.0,9.0,14.0,6.0,2.0,2.0,7.0,6.0,0.0,0.0,30.0,44.0,7.0,6.0,0.0,1.0,208.0,189.0,12.0,7.0,786.0,1328.0,177.0,194.0,95.0,114.0,6.0,7.0,4.0,9.0,39.0,44.0,325.0,349.0,10308.0,11292.0,0.0,0.0,49.0,168.0,6.0,16.0,224.0,236.0,5.0,9.0,958.0,1144.0,7.0,13.0,30.0,40.0,29.0,34.0,86.0,90.0,1744.0,2472.0,13.0,8.0
Colorado,131.0,159.0,4.0,9.0,7.0,15.0,2.0,3.0,4.0,2.0,7.0,0.0,0.0,20.0,81.0,6.0,3.0,0.0,0.0,476.0,68.0,19.0,3.0,1525.0,1518.0,192.0,202.0,121.0,118.0,3.0,6.0,12.0,9.0,38.0,42.0,336.0,389.0,11985.0,13215.0,0.0,0.0,46.0,77.0,6.0,8.0,229.0,275.0,11.0,10.0,1016.0,1327.0,9.0,15.0,36.0,43.0,40.0,32.0,91.0,90.0,2541.0,2845.0,8.0,6.0
Colorado State,121.0,127.0,9.0,5.0,17.0,10.0,5.0,3.0,3.0,5.0,6.0,0.0,0.0,69.0,0.0,2.0,6.0,0.0,0.0,135.0,228.0,6.0,9.0,1113.0,1357.0,173.0,174.0,104.0,107.0,6.0,2.0,7.0,9.0,41.0,46.0,389.0,404.0,10033.0,11567.0,0.0,0.0,59.0,87.0,8.0,14.0,217.0,229.0,10.0,11.0,953.0,1077.0,9.0,15.0,28.0,38.0,28.0,33.0,80.0,78.0,2066.0,2434.0,7.0,9.0
Delaware,126.0,99.0,9.0,8.0,13.0,10.0,3.0,1.0,1.0,4.0,5.0,1.0,1.0,45.0,32.0,3.0,4.0,0.0,0.0,295.0,150.0,11.0,7.0,1381.0,1195.0,196.0,161.0,123.0,108.0,4.0,3.0,8.0,7.0,18.0,39.0,171.0,374.0,9040.0,8960.0,1.0,0.0,81.0,9.0,4.0,2.0,165.0,169.0,10.0,8.0,730.0,778.0,11.0,10.0,31.0,28.0,36.0,31.0,70.0,74.0,2111.0,1973.0,6.0,5.0
Duke,140.0,126.0,7.0,6.0,10.0,13.0,5.0,4.0,4.0,5.0,6.0,0.0,0.0,149.0,0.0,2.0,8.0,0.0,0.0,209.0,215.0,9.0,12.0,1860.0,1516.0,210.0,182.0,145.0,123.0,8.0,2.0,15.0,6.0,42.0,38.0,440.0,345.0,10067.0,11533.0,1.0,0.0,93.0,18.0,7.0,5.0,181.0,215.0,12.0,14.0,943.0,739.0,17.0,11.0,52.0,29.0,31.0,35.0,69.0,80.0,2803.0,2255.0,7.0,12.0
East Carolina,143.0,109.0,4.0,5.0,15.0,13.0,1.0,7.0,7.0,1.0,6.0,0.0,1.0,55.0,17.0,4.0,3.0,0.0,0.0,147.0,265.0,7.0,11.0,1755.0,1294.0,220.0,184.0,149.0,116.0,3.0,4.0,9.0,4.0,46.0,41.0,371.0,359.0,10468.0,11132.0,0.0,0.0,73.0,28.0,9.0,4.0,243.0,201.0,13.0,5.0,865.0,685.0,9.0,7.0,48.0,33.0,51.0,26.0,95.0,82.0,2620.0,1979.0,5.0,10.0
Eastern Michigan,142.0,153.0,7.0,7.0,11.0,12.0,0.0,1.0,1.0,0.0,7.0,0.0,1.0,39.0,71.0,4.0,3.0,0.0,0.0,351.0,196.0,16.0,11.0,1483.0,1435.0,228.0,190.0,142.0,111.0,3.0,4.0,8.0,11.0,41.0,36.0,359.0,331.0,12121.0,13041.0,0.0,0.0,51.0,117.0,5.0,11.0,244.0,279.0,10.0,17.0,1081.0,1732.0,3.0,7.0,27.0,28.0,42.0,44.0,105.0,97.0,2564.0,3167.0,4.0,4.0
Florida,115.0,88.0,4.0,2.0,8.0,3.0,3.0,2.0,2.0,3.0,6.0,0.0,1.0,25.0,82.0,7.0,5.0,0.0,0.0,122.0,111.0,7.0,5.0,1364.0,1215.0,206.0,161.0,137.0,92.0,5.0,7.0,11.0,5.0,34.0,47.0,284.0,373.0,11421.0,10179.0,0.0,0.0,139.0,47.0,9.0,5.0,186.0,195.0,3.0,7.0,725.0,691.0,8.0,12.0,24.0,37.0,25.0,31.0,79.0,86.0,2089.0,1906.0,10.0,7.0
Florida Atlantic,144.0,116.0,17.0,4.0,31.0,11.0,2.0,2.0,2.0,2.0,6.0,0.0,1.0,0.0,93.0,11.0,0.0,0.0,0.0,440.0,101.0,20.0,7.0,1937.0,1273.0,273.0,183.0,174.0,119.0,0.0,11.0,15.0,10.0,41.0,47.0,357.0,399.0,10117.0,11483.0,2.0,0.0,189.0,70.0,12.0,7.0,190.0,221.0,8.0,14.0,732.0,978.0,12.0,6.0,41.0,30.0,38.0,36.0,94.0,91.0,2669.0,2251.0,13.0,2.0
Florida International,112.0,125.0,9.0,5.0,15.0,15.0,5.0,2.0,2.0,5.0,6.0,0.0,0.0,99.0,32.0,6.0,7.0,0.0,0.0,271.0,380.0,12.0,18.0,1147.0,1602.0,194.0,232.0,122.0,148.0,7.0,6.0,3.0,11.0,38.0,33.0,325.0,295.0,11687.0,9867.0,0.0,2.0,45.0,124.0,5.0,10.0,226.0,179.0,13.0,6.0,1127.0,855.0,11.0,11.0,29.0,37.0,32.0,39.0,91.0,88.0,2274.0,2457.0,11.0,9.0
Florida State,159.0,103.0,11.0,10.0,15.0,16.0,5.0,0.0,0.0,5.0,6.0,0.0,0.0,92.0,81.0,5.0,8.0,0.0,0.0,103.0,0.0,5.0,0.0,1572.0,1300.0,159.0,175.0,101.0,110.0,8.0,5.0,14.0,11.0,30.0,42.0,300.0,351.0,10914.0,10686.0,0.0,0.0,45.0,0.0,6.0,0.0,279.0,214.0,21.0,6.0,1649.0,701.0,16.0,9.0,39.0,26.0,43.0,29.0,79.0,84.0,3221.0,2001.0,10.0,8.0
Fresno State,148.0,120.0,3.0,7.0,8.0,10.0,5.0,1.0,2.0,5.0,7.0,2.0,0.0,166.0,85.0,9.0,9.0,0.0,0.0,237.0,221.0,10.0,14.0,1528.0,1333.0,208.0,201.0,144.0,129.0,9.0,9.0,10.0,15.0,45.0,51.0,439.0,437.0,13200.0,11999.0,1.0,0.0,133.0,5.0,14.0,4.0,236.0,214.0,13.0,5.0,1155.0,872.0,11.0,13.0,34.0,43.0,36.0,37.0,82.0,93.0,2683.0,2205.0,14.0,10.0
Georgia,145.0,102.0,7.0,4.0,10.0,9.0,4.0,2.0,2.0,4.0,6.0,0.0,0.0,0.0,79.0,3.0,4.0,0.0,0.0,91.0,60.0,5.0,4.0,1376.0,1293.0,185.0,191.0,124.0,120.0,4.0,3.0,7.0,8.0,29.0,40.0,264.0,294.0,11490.0,10110.0,0.0,0.0,71.0,27.0,7.0,4.0,243.0,188.0,18.0,4.0,1116.0,551.0,7.0,6.0,26.0,33.0,36.0,35.0,80.0,87.0,2492.0,1844.0,7.0,6.0
Georgia Southern,125.0,150.0,4.0,3.0,6.0,8.0,2.0,4.0,4.0,2.0,6.0,0.0,1.0,0.0,100.0,6.0,4.0,1.0,1.0,364.0,312.0,15.0,13.0,1372.0,1326.0,199.0,166.0,117.0,106.0,4.0,6.0,11.0,8.0,33.0,31.0,314.0,273.0,9780.0,11820.0,0.0,0.0,33.0,75.0,5.0,9.0,195.0,247.0,10.0,19.0,765.0,1510.0,5.0,16.0,26.0,29.0,35.0,33.0,81.0,73.0,2137.0,2836.0,8.0,8.0
Georgia State,103.0,148.0,7.0,7.0,16.0,13.0,2.0,1.0,1.0,2.0,6.0,0.0,1.0,25.0,35.0,5.0,2.0,0.0,0.0,250.0,98.0,15.0,3.0,1470.0,1489.0,237.0,181.0,147.0,116.0,2.0,5.0,12.0,10.0,62.0,41.0,495.0,370.0,10737.0,10863.0,0.0,1.0,2.0,244.0,3.0,16.0,159.0,235.0,3.0,21.0,553.0,1262.0,7.0,12.0,34.0,36.0,35.0,32.0,90.0,76.0,2023.0,2751.0,7.0,3.0
Georgia Tech,140.0,115.0,3.0,9.0,8.0,12.0,5.0,2.0,2.0,4.0,6.0,0.0,0.0,45.0,0.0,2.0,2.0,0.0,0.0,81.0,76.0,6.0,5.0,1433.0,1133.0,163.0,174.0,117.0,96.0,2.0,2.0,6.0,8.0,39.0,38.0,323.0,328.0,10459.0,11144.0,0.0,0.0,137.0,67.0,11.0,6.0,230.0,229.0,19.0,8.0,1430.0,1021.0,13.0,4.0,37.0,27.0,33.0,31.0,70.0,89.0,2863.0,2154.0,7.0,4.0
Hawai'i,155.0,125.0,8.0,5.0,13.0,12.0,4.0,2.0,2.0,5.0,7.0,1.0,2.0,59.0,224.0,8.0,5.0,0.0,0.0,84.0,330.0,5.0,19.0,2066.0,1395.0,323.0,195.0,204.0,120.0,5.0,8.0,14.0,8.0,50.0,55.0,448.0,486.0,13672.0,11528.0,0.0,0.0,30.0,90.0,3.0,8.0,195.0,222.0,4.0,9.0,713.0,941.0,15.0,23.0,36.0,38.0,48.0,29.0,112.0,84.0,2779.0,2336.0,12.0,7.0
Houston,109.0,97.0,7.0,3.0,14.0,11.0,1.0,2.0,2.0,2.0,6.0,1.0,0.0,94.0,51.0,3.0,6.0,0.0,0.0,263.0,314.0,13.0,14.0,1315.0,1086.0,168.0,174.0,100.0,104.0,6.0,3.0,9.0,5.0,35.0,38.0,307.0,296.0,10915.0,10685.0,0.0,0.0,73.0,95.0,12.0,8.0,239.0,229.0,9.0,7.0,962.0,753.0,13.0,12.0,27.0,31.0,36.0,32.0,93.0,94.0,2277.0,1839.0,4.0,8.0
Illinois,144.0,146.0,8.0,9.0,11.0,16.0,4.0,8.0,8.0,4.0,7.0,0.0,0.0,-1.0,15.0,2.0,2.0,0.0,0.0,81.0,116.0,5.0,6.0,1851.0,1680.0,197.0,235.0,143.0,152.0,2.0,2.0,14.0,12.0,34.0,45.0,272.0,395.0,12572.0,12628.0,1.0,1.0,170.0,45.0,9.0,7.0,238.0,227.0,14.0,10.0,832.0,922.0,14.0,23.0,33.0,46.0,29.0,41.0,79.0,91.0,2683.0,2602.0,6.0,10.0
Indiana,163.0,65.0,2.0,4.0,9.0,8.0,1.0,1.0,1.0,1.0,6.0,0.0,1.0,58.0,73.0,2.0,9.0,0.0,0.0,79.0,138.0,3.0,7.0,1567.0,853.0,167.0,160.0,119.0,96.0,9.0,2.0,20.0,2.0,27.0,25.0,195.0,211.0,12465.0,9120.0,2.0,0.0,282.0,43.0,15.0,6.0,249.0,167.0,13.0,3.0,1519.0,521.0,22.0,6.0,57.0,22.0,40.0,18.0,74.0,77.0,3086.0,1374.0,3.0,10.0
Iowa,115.0,81.0,6.0,1.0,9.0,9.0,1.0,2.0,2.0,1.0,6.0,0.0,0.0,73.0,25.0,4.0,4.0,1.0,0.0,280.0,81.0,10.0,7.0,852.0,1006.0,152.0,159.0,97.0,89.0,4.0,4.0,4.0,4.0,13.0,22.0,128.0,177.0,11560.0,10040.0,1.0,0.0,332.0,40.0,12.0,4.0,237.0,179.0,15.0,5.0,1104.0,523.0,12.0,9.0,30.0,26.0,39.0,27.0,82.0,77.0,1956.0,1529.0,5.0,6.0
Iowa State,151.0,116.0,9.0,5.0,13.0,16.0,3.0,3.0,3.0,3.0,7.0,0.0,0.0,98.0,33.0,3.0,6.0,0.0,0.0,74.0,570.0,4.0,26.0,1695.0,1426.0,208.0,214.0,132.0,129.0,6.0,3.0,9.0,9.0,28.0,46.0,232.0,413.0,13159.0,12041.0,0.0,0.0,122.0,13.0,4.0,4.0,273.0,220.0,16.0,7.0,1143.0,1002.0,8.0,12.0,36.0,32.0,37.0,37.0,92.0,94.0,2838.0,2428.0,6.0,9.0
Jacksonville State,134.0,123.0,9.0,4.0,14.0,9.0,3.0,5.0,5.0,4.0,6.0,0.0,1.0,32.0,49.0,4.0,3.0,0.0,1.0,138.0,390.0,9.0,18.0,848.0,1269.0,143.0,160.0,84.0,103.0,3.0,4.0,3.0,10.0,32.0,38.0,313.0,308.0,11141.0,10459.0,0.0,0.0,15.0,57.0,2.0,6.0,290.0,231.0,18.0,8.0,1688.0,999.0,14.0,7.0,30.0,33.0,37.0,34.0,88.0,80.0,2536.0,2268.0,7.0,8.0
James Madison,135.0,73.0,4.0,4.0,10.0,9.0,4.0,1.0,1.0,4.0,6.0,0.0,0.0,49.0,16.0,4.0,4.0,1.0,0.0,326.0,197.0,14.0,11.0,1007.0,930.0,167.0,154.0,100.0,80.0,4.0,4.0,8.0,6.0,53.0,37.0,504.0,301.0,12436.0,9164.0,0.0,0.0,132.0,11.0,16.0,2.0,258.0,178.0,13.0,2.0,1426.0,449.0,17.0,8.0,38.0,28.0,40.0,25.0,84.0,84.0,2433.0,1379.0,8.0,5.0
Kansas,149.0,137.0,10.0,11.0,15.0,17.0,3.0,4.0,4.0,3.0,7.0,0.0,0.0,32.0,0.0,2.0,4.0,1.0,0.0,333.0,117.0,12.0,6.0,1816.0,1442.0,203.0,227.0,139.0,143.0,4.0,2.0,18.0,7.0,40.0,48.0,289.0,410.0,12683.0,12517.0,0.0,0.0,129.0,72.0,17.0,12.0,235.0,261.0,8.0,12.0,1103.0,1319.0,16.0,15.0,48.0,31.0,27.0,39.0,82.0,109.0,2919.0,2761.0,5.0,8.0
Kansas State,127.0,140.0,9.0,12.0,18.0,21.0,4.0,7.0,7.0,4.0,7.0,1.0,1.0,58.0,74.0,3.0,6.0,1.0,0.0,507.0,296.0,18.0,12.0,1556.0,1626.0,224.0,225.0,140.0,126.0,6.0,3.0,13.0,10.0,23.0,35.0,234.0,279.0,12225.0,12975.0,0.0,0.0,50.0,57.0,10.0,9.0,217.0,273.0,9.0,12.0,1016.0,1079.0,14.0,6.0,39.0,36.0,36.0,38.0,94.0,103.0,2572.0,2705.0,7.0,13.0
Kennesaw State,118.0,128.0,3.0,5.0,7.0,14.0,4.0,2.0,2.0,5.0,6.0,0.0,1.0,29.0,109.0,2.0,3.0,0.0,0.0,107.0,312.0,5.0,18.0,1302.0,1393.0,175.0,199.0,111.0,125.0,3.0,2.0,9.0,7.0,43.0,42.0,364.0,355.0,9633.0,12002.0,0.0,0.0,103.0,43.0,9.0,5.0,211.0,228.0,7.0,9.0,886.0,908.0,13.0,8.0,37.0,30.0,33.0,36.0,79.0,88.0,2188.0,2301.0,6.0,5.0
Kent State,81.0,149.0,7.0,2.0,16.0,10.0,4.0,2.0,2.0,4.0,6.0,0.0,1.0,72.0,56.0,3.0,4.0,2.0,0.0,306.0,49.0,11.0,5.0,1113.0,1539.0,143.0,209.0,80.0,127.0,4.0,3.0,10.0,12.0,35.0,43.0,269.0,431.0,10784.0,10816.0,0.0,0.0,59.0,166.0,7.0,14.0,214.0,234.0,4.0,13.0,525.0,1270.0,11.0,17.0,35.0,44.0,23.0,36.0,87.0,82.0,1638.0,2809.0,7.0,6.0
Kentucky,92.0,104.0,3.0,5.0,8.0,14.0,4.0,0.0,0.0,4.0,5.0,0.0,1.0,91.0,45.0,4.0,6.0,0.0,0.0,139.0,59.0,9.0,3.0,861.0,1243.0,137.0,149.0,73.0,91.0,6.0,4.0,4.0,3.0,28.0,37.0,225.0,347.0,8949.0,9051.0,0.0,0.0,25.0,25.0,4.0,6.0,188.0,196.0,10.0,12.0,798.0,773.0,7.0,11.0,23.0,26.0,26.0,30.0,66.0,71.0,1659.0,2016.0,8.0,6.0
LSU,132.0,106.0,5.0,6.0,6.0,11.0,3.0,2.0,2.0,3.0,6.0,1.0,0.0,113.0,7.0,5.0,8.0,0.0,0.0,218.0,89.0,10.0,5.0,1551.0,1167.0,217.0,200.0,146.0,116.0,8.0,5.0,10.0,4.0,41.0,57.0,372.0,473.0,11213.0,10387.0,0.0,0.0,113.0,113.0,9.0,11.0,171.0,186.0,7.0,4.0,700.0,620.0,16.0,7.0,32.0,31.0,32.0,27.0,77.0,85.0,2249.0,1787.0,8.0,10.0
Liberty,126.0,131.0,9.0,6.0,17.0,10.0,5.0,6.0,6.0,6.0,7.0,0.0,0.0,98.0,32.0,6.0,5.0,1.0,0.0,328.0,157.0,15.0,11.0,1300.0,1167.0,183.0,190.0,103.0,103.0,5.0,6.0,6.0,7.0,42.0,36.0,351.0,330.0,12780.0,12420.0,0.0,0.0,22.0,31.0,9.0,6.0,274.0,262.0,8.0,11.0,1098.0,1339.0,9.0,17.0,29.0,38.0,35.0,41.0,100.0,98.0,2398.0,2506.0,11.0,11.0
Louisiana,106.0,132.0,2.0,5.0,6.0,8.0,1.0,4.0,4.0,1.0,6.0,1.0,1.0,52.0,46.0,6.0,4.0,0.0,0.0,242.0,321.0,13.0,18.0,845.0,1189.0,155.0,165.0,75.0,114.0,4.0,6.0,5.0,9.0,35.0,49.0,274.0,526.0,9462.0,12138.0,0.0,0.0,22.0,101.0,6.0,14.0,204.0,265.0,13.0,13.0,1106.0,1301.0,9.0,10.0,28.0,32.0,28.0,38.0,80.0,82.0,1951.0,2490.0,7.0,8.0
Louisiana Tech,105.0,122.0,3.0,1.0,7.0,7.0,3.0,2.0,2.0,3.0,6.0,3.0,0.0,189.0,29.0,4.0,11.0,0.0,0.0,227.0,71.0,11.0,3.0,992.0,1492.0,147.0,232.0,91.0,135.0,11.0,4.0,5.0,10.0,47.0,43.0,463.0,351.0,10773.0,10827.0,0.0,0.0,109.0,83.0,15.0,13.0,242.0,185.0,9.0,2.0,877.0,642.0,10.0,16.0,36.0,39.0,31.0,41.0,86.0,91.0,1869.0,2134.0,7.0,13.0
Louisville,109.0,71.0,2.0,4.0,4.0,10.0,3.0,3.0,3.0,3.0,5.0,0.0,3.0,5.0,214.0,5.0,6.0,0.0,0.0,236.0,179.0,9.0,10.0,1445.0,752.0,192.0,129.0,129.0,70.0,6.0,5.0,8.0,5.0,37.0,39.0,362.0,295.0,9526.0,8474.0,2.0,0.0,301.0,6.0,14.0,6.0,149.0,170.0,10.0,4.0,576.0,558.0,14.0,13.0,29.0,32.0,31.0,21.0,70.0,68.0,2021.0,1310.0,8.0,9.0
Marshall,116.0,113.0,4.0,4.0,7.0,8.0,4.0,3.0,3.0,4.0,6.0,2.0,0.0,162.0,5.0,1.0,8.0,0.0,0.0,214.0,97.0,11.0,5.0,1067.0,1490.0,138.0,177.0,92.0,97.0,8.0,1.0,11.0,12.0,47.0,35.0,391.0,318.0,11331.0,10269.0,0.0,0.0,150.0,63.0,13.0,11.0,264.0,209.0,13.0,11.0,1195.0,847.0,17.0,10.0,39.0,29.0,29.0,29.0,87.0,83.0,2262.0,2337.0,5.0,11.0
Maryland,112.0,122.0,4.0,11.0,10.0,24.0,1.0,1.0,1.0,1.0,6.0,3.0,0.0,282.0,29.0,2.0,12.0,0.0,0.0,134.0,581.0,9.0,25.0,1531.0,1368.0,232.0,218.0,143.0,134.0,12.0,2.0,10.0,10.0,42.0,30.0,394.0,276.0,10526.0,11074.0,0.0,0.0,82.0,53.0,14.0,6.0,173.0,212.0,7.0,2.0,596.0,681.0,20.0,3.0,38.0,25.0,33.0,26.0,89.0,89.0,2127.0,2049.0,3.0,13.0
Massachusetts,91.0,142.0,1.0,4.0,10.0,6.0,1.0,2.0,2.0,1.0,6.0,1.0,0.0,86.0,50.0,6.0,3.0,0.0,1.0,78.0,415.0,3.0,14.0,1084.0,1423.0,217.0,181.0,118.0,122.0,3.0,6.0,1.0,18.0,33.0,23.0,275.0,213.0,10177.0,11423.0,0.0,1.0,40.0,308.0,6.0,13.0,162.0,233.0,4.0,10.0,350.0,1118.0,9.0,19.0,20.0,50.0,25.0,40.0,87.0,80.0,1434.0,2541.0,7.0,5.0
Memphis,144.0,102.0,6.0,6.0,8.0,12.0,2.0,3.0,3.0,2.0,6.0,2.0,0.0,77.0,77.0,5.0,9.0,0.0,0.0,34.0,250.0,2.0,15.0,1269.0,1348.0,155.0,211.0,105.0,123.0,9.0,5.0,8.0,4.0,28.0,34.0,255.0,217.0,11862.0,9737.0,0.0,0.0,111.0,4.0,10.0,2.0,252.0,172.0,22.0,7.0,1431.0,528.0,10.0,12.0,46.0,36.0,33.0,26.0,73.0,85.0,2700.0,1876.0,7.0,12.0
Miami,113.0,82.0,5.0,6.0,8.0,13.0,0.0,4.0,4.0,0.0,5.0,0.0,0.0,55.0,27.0,3.0,5.0,0.0,0.0,76.0,34.0,3.0,2.0,1321.0,945.0,154.0,157.0,112.0,94.0,5.0,3.0,11.0,5.0,38.0,17.0,314.0,130.0,9899.0,8101.0,0.0,0.0,52.0,9.0,6.0,4.0,181.0,154.0,12.0,2.0,817.0,438.0,12.0,6.0,31.0,16.0,29.0,19.0,61.0,68.0,2138.0,1383.0,3.0,9.0
Miami (OH),105.0,121.0,6.0,3.0,9.0,8.0,1.0,1.0,1.0,1.0,6.0,1.0,1.0,126.0,152.0,6.0,7.0,1.0,0.0,153.0,198.0,5.0,9.0,1180.0,1144.0,144.0,203.0,79.0,116.0,7.0,6.0,7.0,9.0,39.0,33.0,363.0,221.0,10424.0,11176.0,1.0,0.0,106.0,10.0,11.0,2.0,202.0,203.0,6.0,6.0,897.0,783.0,19.0,7.0,39.0,24.0,20.0,38.0,68.0,84.0,2077.0,1927.0,7.0,8.0
Michigan,119.0,111.0,1.0,7.0,7.0,12.0,2.0,3.0,2.0,2.0,6.0,0.0,0.0,0.0,14.0,3.0,8.0,0.0,0.0,126.0,171.0,8.0,12.0,1210.0,1297.0,157.0,204.0,92.0,137.0,8.0,3.0,5.0,8.0,24.0,18.0,228.0,134.0,10217.0,11383.0,0.0,0.0,20.0,35.0,9.0,9.0,212.0,193.0,17.0,5.0,1311.0,613.0,16.0,8.0,40.0,25.0,28.0,32.0,71.0,85.0,2521.0,1910.0,5.0,11.0
Michigan State,114.0,111.0,7.0,7.0,15.0,13.0,4.0,2.0,2.0,4.0,6.0,0.0,1.0,0.0,44.0,4.0,3.0,0.0,0.0,179.0,175.0,8.0,9.0,1203.0,1428.0,170.0,187.0,102.0,126.0,3.0,4.0,11.0,13.0,25.0,39.0,212.0,273.0,10940.0,10501.0,0.0,1.0,118.0,170.0,6.0,12.0,205.0,182.0,12.0,10.0,785.0,802.0,13.0,15.0,33.0,46.0,30.0,34.0,75.0,76.0,1988.0,2230.0,8.0,5.0
Middle Tennessee,111.0,119.0,3.0,4.0,13.0,6.0,1.0,2.0,3.0,2.0,6.0,0.0,0.0,7.0,14.0,4.0,3.0,0.0,0.0,122.0,120.0,6.0,6.0,1415.0,1358.0,231.0,152.0,141.0,98.0,3.0,4.0,8.0,14.0,39.0,29.0,345.0,286.0,10402.0,11198.0,0.0,0.0,51.0,127.0,7.0,9.0,156.0,221.0,4.0,8.0,510.0,957.0,13.0,20.0,36.0,35.0,27.0,26.0,83.0,74.0,1925.0,2315.0,5.0,5.0
Minnesota,119.0,104.0,3.0,3.0,9.0,5.0,1.0,4.0,4.0,1.0,6.0,2.0,0.0,92.0,72.0,4.0,6.0,0.0,0.0,185.0,57.0,10.0,5.0,1371.0,1202.0,196.0,178.0,118.0,111.0,6.0,4.0,10.0,9.0,22.0,32.0,202.0,264.0,11290.0,9935.0,0.0,0.0,79.0,61.0,13.0,6.0,187.0,180.0,7.0,7.0,677.0,656.0,14.0,10.0,37.0,29.0,29.0,29.0,74.0,74.0,2048.0,1858.0,5.0,10.0
Mississippi State,122.0,111.0,7.0,5.0,10.0,11.0,2.0,3.0,3.0,2.0,6.0,0.0,1.0,54.0,47.0,4.0,8.0,0.0,0.0,31.0,105.0,2.0,7.0,1270.0,1025.0,157.0,171.0,104.0,101.0,8.0,4.0,10.0,7.0,50.0,45.0,463.0,355.0,9997.0,11303.0,0.0,0.0,133.0,29.0,11.0,5.0,245.0,221.0,16.0,5.0,1103.0,986.0,8.0,15.0,26.0,35.0,35.0,29.0,79.0,83.0,2373.0,2011.0,6.0,11.0
Missouri,160.0,78.0,8.0,6.0,10.0,7.0,1.0,2.0,2.0,1.0,6.0,1.0,0.0,90.0,64.0,5.0,3.0,0.0,0.0,184.0,391.0,9.0,23.0,1445.0,907.0,180.0,165.0,132.0,88.0,3.0,5.0,12.0,9.0,28.0,35.0,279.0,240.0,12543.0,9057.0,0.0,0.0,122.0,49.0,12.0,3.0,273.0,161.0,19.0,2.0,1625.0,410.0,17.0,14.0,41.0,24.0,46.0,19.0,83.0,77.0,3070.0,1317.0,6.0,5.0
Missouri State,110.0,124.0,4.0,2.0,7.0,7.0,2.0,4.0,5.0,2.0,6.0,0.0,1.0,30.0,126.0,6.0,3.0,0.0,0.0,271.0,182.0,14.0,10.0,1587.0,1462.0,193.0,200.0,118.0,140.0,3.0,6.0,10.0,7.0,43.0,40.0,420.0,398.0,11297.0,10303.0,0.0,0.0,55.0,91.0,7.0,5.0,186.0,175.0,5.0,14.0,634.0,920.0,9.0,23.0,27.0,54.0,21.0,32.0,79.0,79.0,2221.0,2382.0,8.0,7.0
NC State,151.0,131.0,7.0,7.0,15.0,16.0,2.0,1.0,1.0,2.0,7.0,1.0,0.0,46.0,192.0,8.0,4.0,0.0,1.0,107.0,335.0,6.0,12.0,1876.0,1801.0,227.0,248.0,161.0,160.0,4.0,8.0,14.0,10.0,38.0,49.0,362.0,466.0,12974.0,12226.0,0.0,0.0,49.0,121.0,11.0,8.0,233.0,218.0,14.0,11.0,1050.0,942.0,11.0,13.0,40.0,47.0,36.0,47.0,89.0,107.0,2926.0,2743.0,10.0,5.0
Navy,123.0,118.0,9.0,11.0,11.0,16.0,2.0,4.0,4.0,2.0,6.0,0.0,0.0,3.0,7.0,3.0,3.0,0.0,0.0,240.0,296.0,12.0,14.0,1006.0,1415.0,88.0,175.0,55.0,110.0,3.0,3.0,7.0,8.0,38.0,23.0,335.0,191.0,11412.0,10188.0,0.0,0.0,58.0,38.0,6.0,5.0,281.0,205.0,22.0,8.0,1836.0,753.0,14.0,2.0,32.0,18.0,37.0,31.0,69.0,80.0,2842.0,2168.0,5.0,7.0
Nebraska,145.0,91.0,4.0,9.0,11.0,13.0,1.0,6.0,6.0,1.0,6.0,0.0,1.0,7.0,73.0,5.0,3.0,0.0,0.0,288.0,223.0,10.0,16.0,1861.0,708.0,205.0,156.0,154.0,87.0,3.0,5.0,17.0,2.0,28.0,31.0,245.0,279.0,11303.0,10297.0,1.0,0.0,266.0,-1.0,18.0,1.0,193.0,198.0,12.0,11.0,864.0,914.0,11.0,16.0,40.0,28.0,33.0,21.0,70.0,79.0,2725.0,1622.0,6.0,9.0
Nevada,102.0,120.0,8.0,5.0,12.0,10.0,4.0,1.0,1.0,4.0,6.0,1.0,1.0,67.0,57.0,12.0,4.0,0.0,1.0,173.0,192.0,8.0,5.0,894.0,1386.0,153.0,176.0,81.0,124.0,4.0,12.0,5.0,7.0,23.0,39.0,211.0,349.0,10565.0,11041.0,0.0,1.0,64.0,101.0,8.0,7.0,217.0,213.0,2.0,10.0,964.0,896.0,15.0,8.0,37.0,35.0,27.0,26.0,81.0,77.0,1858.0,2282.0,16.0,5.0
New Mexico,127.0,123.0,9.0,8.0,16.0,14.0,6.0,1.0,1.0,6.0,6.0,0.0,0.0,11.0,19.0,8.0,3.0,1.0,0.0,347.0,176.0,15.0,10.0,1394.0,1592.0,187.0,204.0,124.0,140.0,3.0,8.0,11.0,10.0,29.0,54.0,219.0,507.0,10632.0,10968.0,0.0,0.0,-7.0,25.0,7.0,6.0,199.0,201.0,10.0,8.0,825.0,766.0,15.0,11.0,31.0,24.0,32.0,38.0,74.0,86.0,2219.0,2358.0,14.0,4.0
New Mexico State,109.0,130.0,3.0,4.0,5.0,10.0,5.0,4.0,5.0,5.0,6.0,1.0,0.0,109.0,28.0,4.0,7.0,0.0,1.0,129.0,180.0,7.0,8.0,1546.0,1410.0,210.0,193.0,119.0,129.0,7.0,4.0,9.0,9.0,40.0,47.0,387.0,412.0,10497.0,11071.0,0.0,0.0,18.0,54.0,9.0,9.0,173.0,228.0,4.0,6.0,401.0,879.0,9.0,16.0,33.0,40.0,40.0,36.0,91.0,89.0,1947.0,2289.0,9.0,11.0
North Carolina,74.0,111.0,5.0,9.0,8.0,13.0,2.0,3.0,3.0,2.0,5.0,0.0,1.0,41.0,45.0,4.0,4.0,0.0,0.0,235.0,111.0,12.0,6.0,813.0,1231.0,140.0,164.0,88.0,116.0,4.0,4.0,5.0,8.0,25.0,26.0,255.0,234.0,7996.0,10002.0,0.0,0.0,35.0,33.0,4.0,6.0,135.0,176.0,5.0,5.0,511.0,636.0,6.0,7.0,24.0,26.0,19.0,28.0,60.0,66.0,1324.0,1867.0,6.0,7.0
North Texas,144.0,119.0,7.0,9.0,13.0,14.0,5.0,7.0,7.0,5.0,6.0,0.0,0.0,178.0,58.0,3.0,7.0,0.0,0.0,177.0,269.0,10.0,16.0,1609.0,953.0,212.0,153.0,141.0,90.0,7.0,3.0,13.0,8.0,33.0,44.0,272.0,391.0,10309.0,11291.0,0.0,0.0,44.0,19.0,8.0,3.0,206.0,280.0,21.0,12.0,1005.0,1210.0,13.0,7.0,34.0,27.0,37.0,42.0,77.0,91.0,2614.0,2163.0,8.0,14.0
Northern Illinois,79.0,112.0,12.0,9.0,20.0,14.0,1.0,1.0,1.0,1.0,6.0,0.0,0.0,22.0,43.0,5.0,4.0,1.0,1.0,263.0,224.0,10.0,8.0,599.0,1001.0,141.0,165.0,74.0,95.0,4.0,5.0,2.0,6.0,31.0,33.0,255.0,278.0,10476.0,11124.0,0.0,0.0,54.0,56.0,5.0,13.0,222.0,232.0,4.0,5.0,929.0,942.0,7.0,10.0,26.0,33.0,25.0,30.0,91.0,86.0,1528.0,1943.0,6.0,5.0
Northwestern,128.0,103.0,7.0,3.0,11.0,6.0,3.0,1.0,1.0,3.0,6.0,0.0,0.0,39.0,78.0,6.0,3.0,0.0,0.0,75.0,183.0,4.0,13.0,1088.0,962.0,164.0,156.0,101.0,93.0,3.0,6.0,8.0,5.0,24.0,25.0,179.0,266.0,11980.0,9620.0,0.0,0.0,11.0,18.0,8.0,5.0,224.0,185.0,8.0,7.0,1109.0,871.0,9.0,10.0,23.0,24.0,38.0,31.0,81.0,73.0,2197.0,1833.0,9.0,4.0
Notre Dame,142.0,114.0,5.0,6.0,14.0,13.0,3.0,1.0,1.0,3.0,6.0,0.0,0.0,105.0,15.0,3.0,11.0,1.0,0.0,260.0,104.0,9.0,4.0,1757.0,1472.0,168.0,207.0,114.0,119.0,11.0,3.0,13.0,8.0,35.0,50.0,300.0,444.0,10764.0,10836.0,1.0,0.0,122.0,11.0,11.0,2.0,209.0,188.0,17.0,6.0,1048.0,642.0,14.0,9.0,21.0,28.0,33.0,31.0,67.0,85.0,2805.0,2114.0,6.0,12.0
Ohio,132.0,122.0,5.0,11.0,12.0,15.0,2.0,1.0,1.0,2.0,6.0,1.0,0.0,133.0,37.0,4.0,7.0,0.0,0.0,182.0,304.0,9.0,14.0,1285.0,1421.0,164.0,175.0,104.0,113.0,7.0,4.0,9.0,9.0,35.0,30.0,290.0,266.0,11244.0,10171.0,0.0,1.0,59.0,112.0,5.0,12.0,231.0,203.0,11.0,8.0,1178.0,990.0,11.0,15.0,34.0,30.0,29.0,24.0,72.0,78.0,2463.0,2411.0,6.0,8.0
Ohio State,132.0,83.0,4.0,8.0,7.0,18.0,1.0,4.0,4.0,1.0,6.0,0.0,0.0,20.0,4.0,3.0,3.0,0.0,0.0,57.0,134.0,3.0,7.0,1565.0,870.0,163.0,166.0,127.0,101.0,3.0,3.0,16.0,3.0,27.0,27.0,234.0,195.0,11561.0,10039.0,0.0,0.0,104.0,0.0,8.0,2.0,200.0,186.0,12.0,1.0,970.0,504.0,18.0,2.0,39.0,14.0,34.0,17.0,63.0,79.0,2535.0,1374.0,4.0,7.0
Oklahoma,130.0,67.0,6.0,2.0,9.0,7.0,3.0,1.0,1.0,2.0,6.0,0.0,0.0,0.0,11.0,6.0,1.0,0.0,0.0,17.0,158.0,4.0,12.0,1600.0,758.0,210.0,150.0,132.0,85.0,1.0,6.0,9.0,2.0,34.0,29.0,314.0,212.0,10914.0,10686.0,0.0,1.0,126.0,104.0,12.0,9.0,209.0,184.0,10.0,2.0,737.0,512.0,22.0,14.0,63.0,38.0,35.0,22.0,82.0,86.0,2337.0,1270.0,9.0,2.0
Oklahoma State,92.0,142.0,5.0,8.0,13.0,11.0,1.0,3.0,4.0,1.0,6.0,1.0,2.0,89.0,56.0,4.0,3.0,0.0,0.0,97.0,119.0,7.0,8.0,1057.0,1792.0,184.0,190.0,100.0,130.0,3.0,4.0,4.0,16.0,39.0,36.0,364.0,278.0,9905.0,11695.0,0.0,0.0,50.0,88.0,9.0,12.0,210.0,233.0,5.0,9.0,748.0,1066.0,12.0,12.0,35.0,38.0,32.0,38.0,96.0,87.0,1805.0,2858.0,5.0,6.0
Old Dominion,133.0,113.0,3.0,2.0,6.0,10.0,9.0,7.0,7.0,9.0,6.0,0.0,1.0,33.0,83.0,6.0,5.0,0.0,0.0,77.0,539.0,5.0,26.0,1503.0,968.0,161.0,166.0,100.0,100.0,5.0,6.0,13.0,6.0,38.0,47.0,326.0,417.0,9713.0,11887.0,0.0,1.0,89.0,116.0,12.0,5.0,221.0,254.0,13.0,7.0,1431.0,1050.0,14.0,7.0,45.0,24.0,28.0,35.0,71.0,90.0,2934.0,2018.0,15.0,12.0
Ole Miss,154.0,113.0,5.0,6.0,6.0,13.0,3.0,1.0,1.0,3.0,6.0,0.0,0.0,1.0,81.0,5.0,3.0,0.0,0.0,32.0,114.0,2.0,6.0,1866.0,1080.0,186.0,187.0,119.0,105.0,3.0,5.0,11.0,6.0,47.0,40.0,443.0,356.0,10223.0,11377.0,0.0,0.0,117.0,26.0,11.0,4.0,256.0,197.0,16.0,8.0,1232.0,948.0,9.0,7.0,25.0,30.0,41.0,26.0,80.0,79.0,3098.0,2028.0,8.0,4.0
Oregon,137.0,87.0,12.0,7.0,17.0,11.0,0.0,1.0,1.0,0.0,6.0,3.0,0.0,158.0,-1.0,3.0,6.0,0.0,0.0,91.0,141.0,4.0,7.0,1508.0,832.0,180.0,150.0,127.0,82.0,6.0,3.0,15.0,3.0,25.0,31.0,202.0,191.0,11048.0,10555.0,0.0,0.0,143.0,-1.0,15.0,2.0,221.0,200.0,15.0,7.0,1278.0,702.0,10.0,7.0,26.0,20.0,34.0,25.0,75.0,80.0,2786.0,1534.0,3.0,7.0
Oregon State,145.0,141.0,5.0,5.0,11.0,9.0,4.0,0.0,0.0,4.0,7.0,0.0,1.0,81.0,111.0,8.0,4.0,0.0,0.0,233.0,503.0,14.0,22.0,1726.0,1884.0,271.0,211.0,155.0,127.0,4.0,8.0,10.0,18.0,37.0,53.0,247.0,432.0,13287.0,11912.0,0.0,1.0,27.0,296.0,5.0,21.0,220.0,235.0,7.0,10.0,717.0,1154.0,8.0,11.0,33.0,29.0,40.0,27.0,102.0,82.0,2443.0,3038.0,12.0,4.0
Penn State,122.0,103.0,10.0,11.0,16.0,18.0,2.0,4.0,4.0,2.0,6.0,1.0,0.0,78.0,33.0,3.0,4.0,0.0,0.0,202.0,177.0,8.0,9.0,1205.0,947.0,170.0,170.0,111.0,105.0,4.0,3.0,9.0,8.0,25.0,22.0,204.0,162.0,9584.0,12016.0,1.0,0.0,113.0,26.0,14.0,5.0,202.0,235.0,15.0,5.0,1014.0,888.0,13.0,6.0,41.0,21.0,30.0,37.0,71.0,92.0,2219.0,1835.0,5.0,8.0
Pittsburgh,126.0,104.0,10.0,5.0,16.0,9.0,2.0,4.0,4.0,2.0,6.0,1.0,0.0,97.0,40.0,8.0,4.0,0.0,0.0,257.0,177.0,11.0,10.0,1856.0,1381.0,214.0,190.0,139.0,122.0,4.0,8.0,18.0,10.0,42.0,48.0,379.0,444.0,10154.0,11446.0,1.0,0.0,182.0,23.0,14.0,5.0,193.0,227.0,9.0,6.0,739.0,502.0,17.0,17.0,51.0,32.0,30.0,32.0,81.0,92.0,2595.0,1883.0,10.0,8.0
Purdue,145.0,120.0,10.0,7.0,13.0,12.0,3.0,1.0,1.0,3.0,6.0,0.0,2.0,18.0,146.0,9.0,1.0,0.0,1.0,158.0,250.0,8.0,9.0,1623.0,1474.0,222.0,164.0,134.0,104.0,1.0,9.0,9.0,6.0,34.0,27.0,322.0,268.0,10617.0,10983.0,0.0,0.0,11.0,28.0,5.0,8.0,204.0,199.0,10.0,11.0,839.0,781.0,14.0,10.0,37.0,32.0,35.0,26.0,82.0,73.0,2462.0,2255.0,12.0,2.0
Rice,122.0,130.0,8.0,5.0,17.0,11.0,2.0,3.0,3.0,2.0,7.0,0.0,2.0,7.0,54.0,2.0,3.0,0.0,0.0,202.0,69.0,11.0,4.0,638.0,1394.0,110.0,193.0,73.0,108.0,3.0,2.0,5.0,9.0,37.0,42.0,394.0,354.0,13564.0,11636.0,0.0,0.0,16.0,147.0,5.0,12.0,351.0,247.0,12.0,11.0,1508.0,1110.0,15.0,11.0,41.0,60.0,40.0,50.0,102.0,100.0,2146.0,2504.0,4.0,6.0
Rutgers,162.0,118.0,11.0,2.0,16.0,4.0,0.0,2.0,3.0,0.0,6.0,0.0,0.0,89.0,28.0,3.0,2.0,0.0,1.0,149.0,292.0,7.0,14.0,1854.0,1494.0,217.0,163.0,143.0,108.0,2.0,3.0,13.0,8.0,27.0,36.0,216.0,321.0,11959.0,9641.0,3.0,0.0,91.0,59.0,6.0,3.0,222.0,164.0,12.0,12.0,815.0,832.0,9.0,20.0,27.0,32.0,35.0,22.0,76.0,56.0,2669.0,2326.0,3.0,4.0
SMU,129.0,133.0,6.0,13.0,8.0,22.0,3.0,4.0,4.0,3.0,6.0,3.0,0.0,217.0,69.0,6.0,10.0,0.0,0.0,143.0,378.0,7.0,19.0,1667.0,1895.0,192.0,257.0,138.0,143.0,10.0,6.0,15.0,12.0,42.0,49.0,407.0,436.0,9474.0,12126.0,0.0,0.0,114.0,-3.0,9.0,6.0,189.0,208.0,9.0,4.0,763.0,646.0,19.0,11.0,40.0,34.0,28.0,34.0,74.0,99.0,2430.0,2541.0,9.0,14.0
Sam Houston,93.0,142.0,5.0,7.0,15.0,9.0,3.0,5.0,5.0,3.0,6.0,1.0,3.0,66.0,170.0,5.0,2.0,0.0,0.0,186.0,221.0,11.0,10.0,1021.0,1671.0,176.0,188.0,108.0,134.0,2.0,5.0,6.0,12.0,37.0,34.0,340.0,343.0,9946.0,11654.0,0.0,0.0,26.0,83.0,5.0,7.0,182.0,237.0,5.0,13.0,653.0,1112.0,8.0,20.0,33.0,47.0,14.0,42.0,76.0,84.0,1674.0,2783.0,8.0,7.0
San Diego State,111.0,89.0,6.0,10.0,13.0,17.0,0.0,1.0,1.0,0.0,6.0,2.0,0.0,100.0,11.0,2.0,5.0,0.0,0.0,112.0,149.0,5.0,7.0,1137.0,967.0,135.0,186.0,88.0,96.0,5.0,2.0,7.0,6.0,38.0,28.0,360.0,198.0,11361.0,10239.0,1.0,0.0,200.0,61.0,19.0,8.0,245.0,198.0,11.0,2.0,1084.0,598.0,15.0,7.0,28.0,28.0,29.0,25.0,78.0,94.0,2210.0,1565.0,2.0,6.0
San Jos√© State,122.0,132.0,2.0,13.0,6.0,17.0,7.0,4.0,4.0,8.0,6.0,0.0,1.0,50.0,65.0,4.0,6.0,0.0,0.0,263.0,232.0,12.0,13.0,1865.0,1756.0,250.0,200.0,151.0,127.0,6.0,4.0,13.0,10.0,37.0,51.0,321.0,414.0,10573.0,11027.0,0.0,1.0,35.0,86.0,4.0,5.0,153.0,203.0,6.0,10.0,610.0,776.0,12.0,5.0,24.0,22.0,37.0,26.0,84.0,78.0,2475.0,2532.0,11.0,10.0
South Alabama,135.0,135.0,12.0,14.0,22.0,16.0,5.0,6.0,6.0,5.0,7.0,0.0,0.0,-7.0,45.0,4.0,3.0,0.0,0.0,58.0,344.0,5.0,16.0,1186.0,1224.0,174.0,193.0,116.0,113.0,3.0,4.0,9.0,8.0,52.0,52.0,420.0,393.0,12764.0,11784.0,0.0,0.0,109.0,108.0,7.0,12.0,305.0,268.0,12.0,17.0,1390.0,1375.0,7.0,14.0,37.0,37.0,40.0,38.0,104.0,98.0,2576.0,2599.0,9.0,9.0
South Carolina,107.0,119.0,6.0,1.0,13.0,5.0,3.0,4.0,4.0,3.0,6.0,1.0,0.0,90.0,18.0,3.0,8.0,0.0,0.0,235.0,198.0,11.0,12.0,1168.0,1155.0,143.0,168.0,92.0,97.0,8.0,3.0,4.0,6.0,55.0,30.0,412.0,279.0,9763.0,11837.0,3.0,0.0,235.0,4.0,13.0,5.0,214.0,223.0,7.0,5.0,698.0,886.0,14.0,20.0,33.0,37.0,28.0,36.0,78.0,83.0,1866.0,2041.0,6.0,12.0
South Florida,138.0,133.0,7.0,6.0,11.0,13.0,5.0,7.0,7.0,5.0,6.0,1.0,0.0,211.0,61.0,5.0,9.0,0.0,0.0,161.0,95.0,9.0,7.0,1560.0,1559.0,192.0,231.0,125.0,146.0,9.0,5.0,15.0,9.0,39.0,53.0,353.0,400.0,9069.0,12531.0,1.0,0.0,184.0,72.0,12.0,5.0,229.0,207.0,13.0,10.0,1252.0,757.0,11.0,10.0,35.0,23.0,38.0,37.0,87.0,88.0,2812.0,2316.0,10.0,16.0
Southern Miss,139.0,128.0,3.0,8.0,8.0,11.0,2.0,2.0,2.0,2.0,6.0,2.0,1.0,233.0,48.0,3.0,11.0,0.0,0.0,133.0,222.0,6.0,8.0,1483.0,1463.0,199.0,206.0,130.0,124.0,11.0,3.0,13.0,5.0,44.0,59.0,350.0,504.0,10463.0,11130.0,1.0,0.0,105.0,45.0,10.0,7.0,228.0,248.0,9.0,15.0,884.0,919.0,20.0,8.0,38.0,29.0,35.0,39.0,83.0,95.0,2367.0,2382.0,5.0,13.0
Stanford,109.0,130.0,9.0,4.0,13.0,8.0,4.0,4.0,4.0,4.0,6.0,1.0,1.0,19.0,146.0,4.0,1.0,0.0,0.0,237.0,150.0,14.0,6.0,1445.0,1822.0,197.0,231.0,116.0,156.0,1.0,4.0,6.0,13.0,42.0,39.0,375.0,297.0,11024.0,10576.0,0.0,0.0,7.0,94.0,3.0,10.0,190.0,164.0,5.0,5.0,568.0,694.0,12.0,20.0,24.0,35.0,29.0,27.0,87.0,73.0,2013.0,2516.0,8.0,5.0
Syracuse,141.0,140.0,9.0,6.0,17.0,15.0,5.0,2.0,3.0,5.0,6.0,0.0,0.0,27.0,44.0,7.0,4.0,0.0,0.0,204.0,153.0,12.0,7.0,1924.0,1747.0,251.0,250.0,150.0,160.0,4.0,7.0,13.0,15.0,31.0,36.0,292.0,334.0,10686.0,10914.0,0.0,0.0,28.0,26.0,5.0,7.0,204.0,188.0,9.0,7.0,674.0,961.0,7.0,14.0,29.0,29.0,31.0,33.0,84.0,85.0,2598.0,2708.0,12.0,6.0
TCU,134.0,121.0,8.0,7.0,13.0,9.0,2.0,4.0,4.0,2.0,6.0,1.0,1.0,122.0,54.0,7.0,6.0,0.0,0.0,305.0,317.0,13.0,16.0,1934.0,1444.0,222.0,182.0,144.0,120.0,6.0,7.0,18.0,13.0,41.0,31.0,385.0,269.0,9774.0,11826.0,0.0,0.0,3.0,7.0,4.0,3.0,179.0,221.0,9.0,4.0,705.0,805.0,16.0,11.0,38.0,35.0,43.0,38.0,80.0,86.0,2639.0,2249.0,9.0,10.0
Temple,120.0,109.0,6.0,5.0,7.0,9.0,1.0,2.0,2.0,1.0,6.0,0.0,0.0,12.0,0.0,0.0,5.0,0.0,0.0,166.0,115.0,10.0,7.0,1255.0,1061.0,170.0,169.0,108.0,98.0,5.0,0.0,15.0,7.0,30.0,32.0,311.0,264.0,11816.0,9784.0,0.0,0.0,122.0,10.0,9.0,3.0,226.0,189.0,8.0,13.0,1036.0,1033.0,12.0,11.0,28.0,33.0,38.0,24.0,86.0,69.0,2291.0,2094.0,1.0,7.0
Tennessee,160.0,132.0,3.0,9.0,3.0,14.0,3.0,7.0,7.0,4.0,6.0,1.0,0.0,62.0,42.0,5.0,4.0,0.0,0.0,86.0,88.0,3.0,5.0,1907.0,1552.0,211.0,215.0,136.0,143.0,4.0,5.0,16.0,9.0,44.0,37.0,380.0,308.0,9823.0,11777.0,0.0,0.0,149.0,22.0,14.0,4.0,232.0,247.0,17.0,13.0,1295.0,812.0,24.0,4.0,49.0,17.0,36.0,35.0,74.0,93.0,3202.0,2364.0,8.0,11.0
Texas,114.0,85.0,5.0,3.0,12.0,13.0,1.0,4.0,4.0,1.0,6.0,0.0,0.0,27.0,69.0,5.0,8.0,0.0,0.0,138.0,52.0,8.0,5.0,1399.0,1117.0,174.0,191.0,110.0,113.0,8.0,5.0,12.0,3.0,48.0,29.0,414.0,188.0,11139.0,10461.0,1.0,0.0,216.0,42.0,10.0,6.0,223.0,179.0,8.0,4.0,1002.0,446.0,14.0,10.0,30.0,34.0,32.0,26.0,81.0,87.0,2401.0,1563.0,6.0,12.0
Texas A&M,134.0,96.0,3.0,4.0,6.0,9.0,0.0,4.0,4.0,0.0,6.0,0.0,0.0,13.0,91.0,5.0,2.0,0.0,0.0,247.0,116.0,9.0,6.0,1591.0,1147.0,178.0,187.0,106.0,111.0,2.0,5.0,13.0,8.0,50.0,39.0,405.0,295.0,11611.0,9989.0,1.0,1.0,225.0,72.0,14.0,6.0,240.0,186.0,12.0,6.0,1164.0,620.0,21.0,7.0,47.0,17.0,31.0,16.0,81.0,78.0,2755.0,1767.0,5.0,6.0
Texas State,136.0,135.0,9.0,9.0,13.0,17.0,4.0,0.0,0.0,4.0,6.0,0.0,0.0,0.0,9.0,1.0,1.0,0.0,0.0,387.0,146.0,16.0,7.0,1358.0,1415.0,153.0,199.0,106.0,133.0,1.0,1.0,7.0,12.0,37.0,33.0,328.0,286.0,10677.0,10923.0,0.0,0.0,39.0,3.0,6.0,3.0,271.0,216.0,21.0,10.0,1508.0,986.0,17.0,10.0,43.0,25.0,44.0,30.0,86.0,84.0,2866.0,2401.0,5.0,1.0
Texas Tech,159.0,88.0,3.0,7.0,5.0,16.0,2.0,5.0,5.0,2.0,6.0,1.0,0.0,88.0,25.0,5.0,8.0,0.0,0.0,140.0,154.0,7.0,9.0,1940.0,1134.0,213.0,206.0,145.0,118.0,8.0,5.0,18.0,7.0,53.0,25.0,464.0,200.0,10946.0,10654.0,0.0,0.0,135.0,7.0,13.0,2.0,234.0,181.0,16.0,2.0,1413.0,403.0,21.0,6.0,42.0,28.0,44.0,25.0,85.0,90.0,3353.0,1537.0,7.0,13.0
Toledo,136.0,77.0,2.0,3.0,10.0,9.0,2.0,6.0,6.0,2.0,6.0,1.0,0.0,37.0,-1.0,5.0,4.0,0.0,0.0,187.0,238.0,10.0,11.0,1414.0,824.0,182.0,153.0,116.0,83.0,4.0,5.0,11.0,5.0,52.0,24.0,475.0,185.0,11440.0,10160.0,0.0,0.0,201.0,29.0,19.0,10.0,239.0,209.0,14.0,7.0,1234.0,536.0,11.0,9.0,41.0,31.0,30.0,24.0,82.0,83.0,2648.0,1360.0,7.0,10.0
Troy,120.0,107.0,11.0,5.0,15.0,12.0,2.0,2.0,2.0,2.0,6.0,1.0,0.0,5.0,24.0,6.0,2.0,0.0,0.0,182.0,189.0,13.0,10.0,1259.0,1098.0,184.0,143.0,107.0,99.0,2.0,6.0,12.0,6.0,35.0,38.0,327.0,294.0,10713.0,10887.0,0.0,0.0,83.0,50.0,10.0,9.0,223.0,244.0,7.0,13.0,813.0,1118.0,15.0,21.0,37.0,40.0,38.0,39.0,93.0,89.0,2072.0,2216.0,8.0,4.0
Tulane,133.0,130.0,4.0,3.0,9.0,12.0,4.0,5.0,5.0,4.0,6.0,0.0,0.0,27.0,0.0,1.0,6.0,0.0,0.0,254.0,41.0,12.0,2.0,1305.0,1437.0,182.0,204.0,106.0,120.0,6.0,1.0,5.0,9.0,51.0,31.0,472.0,263.0,11878.0,9722.0,0.0,0.0,44.0,91.0,7.0,9.0,231.0,214.0,12.0,7.0,1126.0,899.0,14.0,6.0,36.0,29.0,37.0,37.0,88.0,84.0,2431.0,2336.0,5.0,11.0
Tulsa,125.0,132.0,12.0,8.0,19.0,14.0,4.0,3.0,3.0,4.0,6.0,0.0,0.0,42.0,41.0,7.0,5.0,0.0,0.0,208.0,140.0,11.0,6.0,1299.0,1222.0,217.0,177.0,132.0,113.0,5.0,7.0,7.0,6.0,31.0,34.0,215.0,308.0,10046.0,11554.0,0.0,0.0,39.0,62.0,6.0,10.0,217.0,252.0,6.0,14.0,918.0,1088.0,15.0,10.0,35.0,40.0,34.0,40.0,96.0,93.0,2217.0,2310.0,11.0,8.0
UAB,126.0,136.0,9.0,10.0,17.0,14.0,3.0,2.0,2.0,3.0,6.0,0.0,0.0,2.0,66.0,5.0,2.0,1.0,0.0,503.0,335.0,23.0,15.0,1800.0,1430.0,236.0,133.0,163.0,84.0,2.0,5.0,10.0,14.0,51.0,37.0,402.0,341.0,10540.0,11060.0,0.0,0.0,62.0,94.0,6.0,7.0,158.0,269.0,12.0,18.0,640.0,1291.0,9.0,12.0,23.0,31.0,31.0,38.0,78.0,76.0,2440.0,2721.0,8.0,4.0
UCF,126.0,95.0,13.0,9.0,20.0,14.0,4.0,2.0,2.0,4.0,6.0,0.0,0.0,6.0,12.0,2.0,5.0,1.0,0.0,273.0,239.0,10.0,12.0,1336.0,945.0,201.0,147.0,124.0,91.0,5.0,2.0,4.0,5.0,44.0,36.0,340.0,315.0,11238.0,10378.0,0.0,0.0,65.0,33.0,8.0,6.0,215.0,214.0,14.0,7.0,1204.0,896.0,8.0,10.0,32.0,35.0,31.0,24.0,86.0,79.0,2540.0,1841.0,6.0,7.0
UCLA,116.0,128.0,11.0,7.0,17.0,15.0,1.0,4.0,4.0,1.0,6.0,0.0,0.0,0.0,31.0,3.0,0.0,0.0,0.0,229.0,101.0,13.0,8.0,1134.0,1042.0,173.0,143.0,114.0,95.0,0.0,3.0,9.0,11.0,49.0,30.0,430.0,251.0,10720.0,10880.0,0.0,1.0,37.0,32.0,6.0,7.0,204.0,228.0,6.0,12.0,1015.0,1178.0,6.0,14.0,22.0,28.0,31.0,41.0,78.0,73.0,2149.0,2220.0,4.0,4.0
UConn,129.0,119.0,8.0,9.0,12.0,15.0,1.0,3.0,3.0,1.0,6.0,0.0,0.0,29.0,0.0,0.0,5.0,0.0,0.0,335.0,262.0,16.0,12.0,1721.0,1338.0,216.0,200.0,143.0,122.0,5.0,0.0,13.0,6.0,27.0,28.0,245.0,230.0,10596.0,11004.0,0.0,0.0,70.0,21.0,10.0,3.0,195.0,229.0,14.0,10.0,1151.0,929.0,18.0,7.0,39.0,26.0,36.0,27.0,87.0,88.0,2872.0,2267.0,1.0,8.0
UL Monroe,99.0,121.0,3.0,10.0,9.0,17.0,2.0,2.0,2.0,2.0,6.0,0.0,1.0,15.0,54.0,5.0,4.0,0.0,0.0,70.0,197.0,8.0,21.0,864.0,1479.0,136.0,201.0,75.0,122.0,4.0,5.0,8.0,14.0,42.0,30.0,382.0,285.0,10389.0,11211.0,0.0,0.0,56.0,125.0,5.0,9.0,210.0,206.0,6.0,6.0,1101.0,874.0,13.0,5.0,32.0,44.0,24.0,39.0,73.0,91.0,1965.0,2353.0,7.0,6.0
UNLV,134.0,149.0,5.0,13.0,7.0,22.0,2.0,5.0,5.0,2.0,6.0,2.0,1.0,180.0,77.0,3.0,9.0,0.0,1.0,230.0,413.0,12.0,16.0,1456.0,1531.0,164.0,221.0,113.0,129.0,9.0,3.0,11.0,9.0,51.0,49.0,493.0,453.0,10867.0,10733.0,2.0,0.0,73.0,7.0,7.0,3.0,215.0,204.0,14.0,12.0,1200.0,1139.0,7.0,12.0,27.0,33.0,35.0,17.0,72.0,68.0,2656.0,2670.0,5.0,14.0
USC,157.0,121.0,10.0,6.0,12.0,10.0,5.0,3.0,3.0,5.0,6.0,2.0,0.0,193.0,0.0,2.0,8.0,0.0,0.0,248.0,138.0,13.0,7.0,1955.0,1462.0,186.0,188.0,136.0,117.0,8.0,2.0,14.0,13.0,42.0,26.0,408.0,248.0,11186.0,10255.0,0.0,0.0,32.0,10.0,4.0,3.0,208.0,186.0,19.0,3.0,1355.0,648.0,20.0,4.0,45.0,23.0,37.0,27.0,66.0,73.0,3310.0,2110.0,7.0,11.0
UTEP,91.0,116.0,5.0,8.0,14.0,18.0,1.0,4.0,4.0,1.0,6.0,0.0,2.0,5.0,178.0,12.0,2.0,0.0,0.0,191.0,199.0,15.0,11.0,1335.0,1171.0,222.0,163.0,120.0,100.0,2.0,12.0,9.0,6.0,33.0,47.0,306.0,390.0,8985.0,12615.0,0.0,0.0,89.0,128.0,14.0,20.0,165.0,256.0,5.0,9.0,562.0,944.0,16.0,13.0,49.0,35.0,29.0,20.0,91.0,87.0,1897.0,2115.0,13.0,6.0
UTSA,117.0,104.0,5.0,4.0,15.0,9.0,0.0,3.0,3.0,0.0,6.0,1.0,0.0,44.0,12.0,4.0,4.0,0.0,0.0,143.0,282.0,7.0,11.0,1280.0,1415.0,201.0,183.0,128.0,116.0,4.0,4.0,13.0,11.0,40.0,43.0,367.0,422.0,11067.0,10533.0,0.0,1.0,49.0,161.0,9.0,10.0,198.0,213.0,12.0,8.0,1118.0,787.0,12.0,6.0,45.0,39.0,30.0,34.0,81.0,92.0,2398.0,2202.0,4.0,7.0
Utah,157.0,98.0,8.0,13.0,10.0,19.0,3.0,1.0,1.0,3.0,6.0,1.0,0.0,127.0,0.0,3.0,6.0,0.0,0.0,48.0,94.0,6.0,5.0,1269.0,922.0,175.0,161.0,127.0,87.0,6.0,3.0,12.0,4.0,31.0,39.0,278.0,344.0,11417.0,10183.0,0.0,0.0,107.0,-2.0,8.0,2.0,263.0,215.0,19.0,5.0,1492.0,839.0,16.0,3.0,37.0,17.0,48.0,28.0,79.0,85.0,2761.0,1761.0,6.0,7.0
Utah State,126.0,142.0,3.0,11.0,5.0,16.0,4.0,1.0,1.0,4.0,6.0,0.0,0.0,50.0,0.0,2.0,6.0,0.0,0.0,183.0,245.0,11.0,11.0,1528.0,1543.0,184.0,210.0,118.0,127.0,6.0,2.0,16.0,14.0,47.0,30.0,331.0,283.0,9728.0,11872.0,0.0,0.0,31.0,65.0,8.0,11.0,199.0,235.0,12.0,11.0,1015.0,1074.0,16.0,22.0,30.0,39.0,21.0,33.0,73.0,88.0,2543.0,2617.0,6.0,7.0
Vanderbilt,148.0,107.0,3.0,7.0,6.0,12.0,2.0,6.0,6.0,2.0,6.0,0.0,0.0,18.0,32.0,4.0,4.0,0.0,0.0,193.0,201.0,7.0,9.0,1553.0,1336.0,178.0,199.0,123.0,133.0,4.0,4.0,15.0,11.0,43.0,37.0,393.0,338.0,11147.0,10453.0,1.0,0.0,71.0,13.0,8.0,3.0,187.0,170.0,19.0,3.0,1257.0,544.0,18.0,4.0,44.0,18.0,33.0,31.0,57.0,84.0,2810.0,1880.0,6.0,10.0
Virginia,147.0,106.0,9.0,8.0,15.0,14.0,0.0,4.0,5.0,0.0,6.0,1.0,0.0,66.0,46.0,5.0,4.0,1.0,0.0,214.0,167.0,5.0,10.0,1630.0,1440.0,213.0,195.0,144.0,122.0,4.0,5.0,12.0,8.0,33.0,24.0,253.0,235.0,11880.0,9720.0,0.0,0.0,132.0,86.0,13.0,6.0,246.0,190.0,18.0,11.0,1322.0,726.0,16.0,5.0,32.0,26.0,51.0,23.0,94.0,80.0,2952.0,2166.0,5.0,8.0
Virginia Tech,141.0,141.0,5.0,5.0,11.0,7.0,4.0,2.0,2.0,4.0,7.0,0.0,0.0,11.0,28.0,5.0,3.0,0.0,0.0,352.0,29.0,17.0,2.0,1397.0,1564.0,219.0,186.0,132.0,128.0,3.0,5.0,11.0,10.0,50.0,53.0,468.0,446.0,12712.0,12488.0,0.0,1.0,84.0,130.0,11.0,6.0,236.0,237.0,7.0,14.0,1126.0,1060.0,14.0,18.0,40.0,41.0,40.0,37.0,96.0,86.0,2523.0,2624.0,9.0,5.0
Wake Forest,109.0,124.0,3.0,5.0,7.0,13.0,2.0,3.0,3.0,2.0,6.0,0.0,1.0,8.0,57.0,4.0,3.0,1.0,0.0,245.0,131.0,8.0,7.0,1498.0,1088.0,188.0,221.0,109.0,123.0,3.0,4.0,7.0,6.0,50.0,43.0,454.0,377.0,9940.0,11660.0,0.0,0.0,104.0,54.0,10.0,6.0,197.0,235.0,13.0,6.0,963.0,846.0,13.0,6.0,42.0,26.0,32.0,39.0,87.0,104.0,2461.0,1934.0,6.0,6.0
Washington,152.0,117.0,6.0,11.0,10.0,18.0,2.0,2.0,2.0,2.0,6.0,1.0,0.0,74.0,32.0,1.0,6.0,0.0,0.0,377.0,143.0,17.0,7.0,1678.0,1412.0,164.0,224.0,120.0,139.0,6.0,1.0,10.0,9.0,38.0,30.0,345.0,225.0,11098.0,10502.0,1.0,0.0,124.0,42.0,6.0,2.0,223.0,159.0,19.0,5.0,1149.0,500.0,12.0,16.0,25.0,30.0,37.0,33.0,68.0,80.0,2827.0,1912.0,3.0,8.0
Washington State,110.0,118.0,8.0,5.0,10.0,12.0,4.0,4.0,4.0,4.0,6.0,0.0,1.0,0.0,177.0,5.0,0.0,0.0,0.0,152.0,65.0,8.0,4.0,1360.0,1152.0,203.0,160.0,139.0,111.0,0.0,5.0,10.0,11.0,35.0,36.0,277.0,349.0,11472.0,10128.0,0.0,0.0,67.0,25.0,6.0,5.0,171.0,214.0,4.0,10.0,525.0,940.0,14.0,12.0,36.0,33.0,29.0,33.0,79.0,74.0,1885.0,2092.0,9.0,4.0
West Virginia,117.0,122.0,7.0,10.0,17.0,14.0,5.0,4.0,4.0,4.0,6.0,0.0,0.0,66.0,124.0,6.0,6.0,0.0,1.0,129.0,308.0,6.0,13.0,1032.0,1407.0,145.0,172.0,88.0,107.0,6.0,6.0,4.0,11.0,37.0,47.0,340.0,360.0,9266.0,12149.0,0.0,0.0,73.0,68.0,9.0,13.0,275.0,244.0,13.0,8.0,1238.0,950.0,13.0,11.0,31.0,32.0,26.0,29.0,85.0,85.0,2270.0,2357.0,11.0,10.0
Western Kentucky,151.0,145.0,2.0,5.0,7.0,14.0,5.0,3.0,3.0,5.0,7.0,1.0,1.0,43.0,92.0,5.0,5.0,1.0,0.0,336.0,206.0,14.0,10.0,2060.0,1398.0,272.0,229.0,184.0,126.0,5.0,5.0,13.0,5.0,48.0,48.0,521.0,436.0,12056.0,13104.0,0.0,0.0,7.0,66.0,3.0,11.0,206.0,256.0,10.0,10.0,857.0,1424.0,6.0,10.0,36.0,32.0,46.0,35.0,97.0,102.0,2917.0,2822.0,10.0,8.0
Western Michigan,130.0,114.0,6.0,2.0,15.0,7.0,6.0,6.0,6.0,6.0,7.0,1.0,0.0,76.0,6.0,4.0,5.0,0.0,0.0,255.0,186.0,13.0,10.0,1128.0,1191.0,182.0,199.0,111.0,119.0,5.0,4.0,6.0,6.0,34.0,36.0,289.0,313.0,13565.0,11635.0,0.0,0.0,96.0,53.0,16.0,7.0,287.0,232.0,13.0,9.0,1104.0,788.0,28.0,13.0,51.0,41.0,42.0,30.0,102.0,92.0,2232.0,1979.0,10.0,11.0
Wisconsin,104.0,93.0,7.0,3.0,11.0,6.0,1.0,0.0,0.0,2.0,6.0,0.0,0.0,17.0,96.0,8.0,4.0,1.0,0.0,279.0,26.0,10.0,2.0,1082.0,1317.0,161.0,167.0,100.0,109.0,4.0,8.0,6.0,8.0,21.0,23.0,195.0,212.0,11869.0,9731.0,0.0,0.0,49.0,117.0,5.0,12.0,212.0,165.0,5.0,8.0,693.0,585.0,11.0,14.0,25.0,30.0,30.0,21.0,80.0,69.0,1775.0,1902.0,9.0,4.0
Wyoming,120.0,116.0,6.0,6.0,12.0,8.0,5.0,4.0,5.0,5.0,6.0,1.0,0.0,81.0,83.0,5.0,4.0,0.0,0.0,61.0,363.0,3.0,12.0,1298.0,1226.0,196.0,211.0,111.0,119.0,4.0,5.0,8.0,10.0,44.0,46.0,386.0,414.0,10433.0,11167.0,1.0,2.0,170.0,127.0,12.0,8.0,201.0,198.0,5.0,6.0,853.0,849.0,11.0,10.0,26.0,31.0,28.0,33.0,79.0,88.0,2151.0,2075.0,10.0,8.0
